date,volcano-tectonic,long-period,hybrid,rockfall,LP+H,vt+h,LP-RF,RF_VT,
20-Jul-95,2,2,2,,4,4,,,Note: Tappy made counts for 20-July-1995 to 30-September-1995
21-Jul-95,4,6,6,,12,10,,,"from old paper logs on 24/April/2002. No hybrids were listed, but Tappy"
22-Jul-95,7,7,2,,9,9,,,put b-type events in the hybrid column.
23-Jul-95,1,5,1,,6,2,,,
24-Jul-95,13,6,8,,14,21,,,
25-Jul-95,4,2,10,,12,14,,,
26-Jul-95,20,0,11,,11,31,,,
27-Jul-95,8,0,34,,34,42,,,
28-Jul-95,7,0,25,,25,32,,,
29-Jul-95,35,0,25,,25,60,,,
30-Jul-95,9,9,7,,16,16,,,
31-Jul-95,4,4,0,,4,4,,,
1-Aug-95,3,0,1,,1,4,,,
2-Aug-95,7,6,26,,32,33,,,
3-Aug-95,9,4,13,,17,22,,,
4-Aug-95,18,19,22,,41,40,,,
5-Aug-95,52,10,91,,101,143,,,
6-Aug-95,71,5,64,,69,135,,,
7-Aug-95,19,1,13,,14,32,,,
8-Aug-95,2,1,2,,3,4,,,
9-Aug-95,10,0,2,,2,12,,,
10-Aug-95,6,0,7,,7,13,,,
11-Aug-95,6,1,2,,3,8,,,
12-Aug-95,63,1,0,,1,63,,,
13-Aug-95,64,1,6,,7,70,,,
14-Aug-95,8,1,2,,3,10,,,
15-Aug-95,continuous tremor,,,,0,#VALUE!,,,
16-Aug-95,6,1,0,,1,6,,,
17-Aug-95,18,0,1,,1,19,,,
18-Aug-95,18,1,0,,1,18,,,
19-Aug-95,7,3,0,,3,7,,,
20-Aug-95,500,7,3,,10,503,,,
21-Aug-95,7,12,1,,13,8,,,
22-Aug-95,2,8,2,,10,4,,,
23-Aug-95,1,3,6,,9,7,,,
24-Aug-95,4,0,2,,2,6,,,
25-Aug-95,15,2,3,,5,18,,,
26-Aug-95,9,0,0,,0,9,,,
27-Aug-95,6,1,1,,2,7,,,
28-Aug-95,5,6,0,,6,5,,,
29-Aug-95,7,1,0,,1,7,,,
30-Aug-95,5,1,1,,2,6,,,
31-Aug-95,16,3,6,,9,22,,,
1-Sep-95,61,5,0,,5,61,,,
2-Sep-95,9,2,4,,6,13,,,
3-Sep-95,5,0,0,,0,5,,,
4-Sep-95,NO DATA,,,,0,#VALUE!,,,
5-Sep-95,NO DATA,,,,0,#VALUE!,,,
6-Sep-95,4,3,0,,3,4,,,
7-Sep-95,25,6,7,,13,32,,,
8-Sep-95,167,5,1,,6,168,,,
9-Sep-95,125,2,1,,3,126,,,
10-Sep-95,56,0,0,,0,56,,,
11-Sep-95,52,6,0,,6,52,,,
12-Sep-95,87,3,0,,3,87,,,
13-Sep-95,54,0,0,,0,54,,,
14-Sep-95,421,0,0,,0,421,,,
15-Sep-95,658,13,0,,13,658,,,
16-Sep-95,428,1,0,,1,428,,,
17-Sep-95,786,5,0,,5,786,,,
18-Sep-95,61,11,0,,11,61,,,
19-Sep-95,74,3,0,,3,74,,,
20-Sep-95,401,4,0,,4,401,,,
21-Sep-95,990,2,0,,2,990,,,
22-Sep-95,130,1,0,,1,130,,,
23-Sep-95,875,0,0,,0,875,,,
24-Sep-95,3221,0,0,,0,3221,,,
25-Sep-95,1290,0,1,,1,1291,,,
26-Sep-95,1655,0,0,,0,1655,,,
27-Sep-95,1279,1,0,,1,1279,,,
28-Sep-95,225,0,0,,0,225,,,
29-Sep-95,19,2,0,,2,19,,,
30-Sep-95,33,0,0,,0,33,,,
1-Oct-95,80,1,,,1,80,,,
2-Oct-95,27,3,,,3,27,,,
3-Oct-95,6,1,,,1,6,,,
4-Oct-95,24,1,,,1,24,,,
5-Oct-95,65,2,,,2,65,,,
6-Oct-95,48,4,,,4,48,,,
7-Oct-95,47,3,,,3,47,,,
8-Oct-95,33,7,,,7,33,,,
9-Oct-95,42,10,,,10,42,,,
10-Oct-95,46,1,,,1,46,,,
11-Oct-95,22,2,,,2,22,,,
12-Oct-95,5,0,,,0,5,,,
13-Oct-95,14,1,,,1,14,,,
14-Oct-95,32,4,,,4,32,,,
15-Oct-95,16,0,,,0,16,,,
16-Oct-95,9,1,,,1,9,,,
17-Oct-95,24,2,,,2,24,,,
18-Oct-95,94,13,,,13,94,,,
19-Oct-95,51,10,,,10,51,,,
20-Oct-95,51,1,,,1,51,,,
21-Oct-95,23,5,,,5,23,,,
22-Oct-95,19,10,,,10,19,,,
23-Oct-95,39,22,,,22,39,,,
24-Oct-95,18,2,,,2,18,,,
25-Oct-95,3,0,,,0,3,,,
26-Oct-95,33,9,,,9,33,,,
27-Oct-95,56,6,,,6,56,,,
28-Oct-95,9,4,,,4,9,,,
29-Oct-95,40,4,,,4,40,,,
30-Oct-95,30,6,,,6,30,,,
31-Oct-95,40,1,,,1,40,,,
1-Nov-95,33,5,,,5,33,,,
2-Nov-95,14,5,,,5,14,,,
3-Nov-95,5,6,,,6,5,,,
4-Nov-95,11,4,,,4,11,,,
5-Nov-95,10,3,,,3,10,,,
6-Nov-95,17,8,,,8,17,,,
7-Nov-95,22,11,,,11,22,,,
8-Nov-95,20,6,,,6,20,,,
9-Nov-95,21,6,,,6,21,,,
10-Nov-95,21,4,,,4,21,,,
11-Nov-95,29,6,,,6,29,,,
12-Nov-95,81,7,,,7,81,,,
13-Nov-95,179,5,,,5,179,,,
14-Nov-95,822,2,,,2,822,,,
15-Nov-95,1615,0,,,0,1615,,,
16-Nov-95,58,1,,,1,58,,,
17-Nov-95,55,4,,,4,55,,,
18-Nov-95,10,0,,,0,10,,,
19-Nov-95,12,0,,,0,12,,,
20-Nov-95,15,1,,,1,15,,,
21-Nov-95,30,0,,,0,30,,,
22-Nov-95,26,0,,,0,26,,,
23-Nov-95,173,0,,,0,173,,,
24-Nov-95,808,0,,,0,808,,,
25-Nov-95,436,1,,,1,436,,,
26-Nov-95,67,0,,,0,67,,,
27-Nov-95,,,,,0,0,,,
28-Nov-95,,,,,0,0,,,
29-Nov-95,,,,,0,0,,,
30-Nov-95,,,,,0,0,,,
1-Dec-95,,,,,0,0,,,
2-Dec-95,,,,,0,0,,,
3-Dec-95,,,,,0,0,,,
4-Dec-95,,,,,0,0,,,
5-Dec-95,,,,,0,0,,,
6-Dec-95,,,,,0,0,,,
7-Dec-95,,,,,0,0,,,
8-Dec-95,,,,,0,0,,,
9-Dec-95,,,,,0,0,,,
10-Dec-95,,,,,0,0,,,
11-Dec-95,,,,,0,0,,,
12-Dec-95,,,,,0,0,,,
13-Dec-95,,,,,0,0,,,
14-Dec-95,,,,,0,0,,,
15-Dec-95,,,,,0,0,,,
16-Dec-95,,,,,0,0,,,
17-Dec-95,,,,,0,0,,,
18-Dec-95,,,,,0,0,,,
19-Dec-95,,,,,0,0,,,
20-Dec-95,,,,,0,0,,,
21-Dec-95,,,,,0,0,,,
22-Dec-95,,,,,0,0,,,
23-Dec-95,,,,,0,0,,,
24-Dec-95,,,,,0,0,,,
25-Dec-95,,,,,0,0,,,
26-Dec-95,,,,,0,0,,,
27-Dec-95,,,,,0,0,,,
28-Dec-95,,,,,0,0,,,
29-Dec-95,,,,,0,0,,,
30-Dec-95,,,,,0,0,,,
31-Dec-95,,,,,0,0,,,
1-Jan-96,,,,,0,0,,,
2-Jan-96,,,,,0,0,,,
3-Jan-96,4,12,0,0,12,4,,,
4-Jan-96,1,9,1,0,10,2,,,
5-Jan-96,1,6,0,0,6,1,,,
6-Jan-96,0,2,0,0,2,0,,,
7-Jan-96,1,0,0,0,0,1,,,
10-Jan-96,1,0,0,0,0,1,,,
11-Jan-96,0,2,0,0,2,0,,,
12-Jan-96,1,3,0,0,3,1,,,
13-Jan-96,1,1,0,0,1,1,,,
14-Jan-96,2,1,0,0,1,2,,,
15-Jan-96,5,1,0,0,1,5,,,
16-Jan-96,1,2,0,2,2,1,,,
17-Jan-96,0,7,0,0,7,0,,,
18-Jan-96,1,1,0,0,1,1,,,
19-Jan-96,0,2,0,0,2,0,,,
20-Jan-96,2,4,0,0,4,2,,,
21-Jan-96,0,13,0,0,13,0,,,
22-Jan-96,2,8,0,0,8,2,,,
23-Jan-96,1,18,0,0,18,1,,,
24-Jan-96,0,7,0,0,7,0,,,
27-Jan-96,0,0,3,0,3,3,,,
28-Jan-96,0,0,1,0,1,1,,,
29-Jan-96,1,2,0,0,2,1,,,
30-Jan-96,0,7,0,0,7,0,,,
31-Jan-96,0,5,0,0,5,0,,,
1-Feb-96,0,7,0,0,7,0,,,
2-Feb-96,0,2,3,0,5,3,,,
3-Feb-96,0,4,0,0,4,0,,,
4-Feb-96,1,16,0,1,16,1,,,
5-Feb-96,0,7,0,2,7,0,,,
6-Feb-96,0,3,0,0,3,0,,,
9-Feb-96,0,5,0,0,5,0,,,
10-Feb-96,0,3,0,0,3,0,,,
11-Feb-96,1,2,0,0,2,1,,,
12-Feb-96,1,10,0,0,10,1,,,
13-Feb-96,2,4,0,0,4,2,,,
14-Feb-96,0,8,0,1,8,0,,,
15-Feb-96,1,4,0,1,4,1,,,
16-Feb-96,0,3,0,0,3,0,,,
17-Feb-96,2,5,3,1,8,5,,,
18-Feb-96,3,2,0,3,2,3,,,
19-Feb-96,0,0,0,4,0,0,,,
20-Feb-96,1,2,0,8,2,1,,,
21-Feb-96,4,2,0,0,2,4,,,
22-Feb-96,1,5,0,0,5,1,,,
23-Feb-96,0,6,0,1,6,0,,,
24-Feb-96,0,15,0,2,15,0,,,
25-Feb-96,0,20,0,6,20,0,,,
26-Feb-96,0,34,0,9,34,0,,,
27-Feb-96,0,8,0,8,8,0,,,
28-Feb-96,2,2,0,12,2,2,,,
29-Feb-96,2,2,0,3,2,2,,,
1-Mar-96,2,2,0,7,2,2,,,
2-Mar-96,1,7,0,13,7,1,,,
3-Mar-96,0,3,0,2,3,0,,,
4-Mar-96,0,7,0,2,7,0,,,
5-Mar-96,0,14,0,4,14,0,,,
6-Mar-96,5,14,1,1,15,6,,,
7-Mar-96,0,24,1,0,25,1,,,
8-Mar-96,1,25,0,0,25,1,,,
9-Mar-96,1,17,0,0,17,1,,,
10-Mar-96,0,20,0,0,20,0,,,
11-Mar-96,0,19,0,13,19,0,,,
12-Mar-96,2,9,0,14,9,2,,,
13-Mar-96,0,20,0,8,20,0,,,
14-Mar-96,3,36,0,9,36,3,,,
15-Mar-96,2,37,1,10,38,3,,,
16-Mar-96,1,20,0,11,20,1,,,
17-Mar-96,2,5,3,17,8,5,,,
18-Mar-96,5,1,1,14,2,6,,,
19-Mar-96,0,5,10,20,15,10,,,
20-Mar-96,0,6,25,18,31,25,,,
21-Mar-96,2,0,3,10,3,5,,,
22-Mar-96,0,3,9,13,12,9,,,
23-Mar-96,0,15,1,28,16,1,,,
24-Mar-96,2,22,0,30,22,2,,,
25-Mar-96,0,7,27,32,34,27,,,
26-Mar-96,1,13,152,39,165,153,,,
27-Mar-96,3,1,40,33,41,43,,,
28-Mar-96,0,1,21,27,22,21,,,
29-Mar-96,1,2,23,24,25,24,,,
30-Mar-96,0,0,13,46,13,13,,,
31-Mar-96,2,3,0,45,3,2,,,
1-Apr-96,2,0,6,31,6,8,,,
2-Apr-96,3,5,8,38,13,11,,,
3-Apr-96,0,12,400,80,412,400,,,
4-Apr-96,0,4,700,25,704,700,,,
5-Apr-96,0,1,138,37,139,138,,,
6-Apr-96,0,4,21,110,25,21,,,
7-Apr-96,0,2,56,53,58,56,,,
8-Apr-96,4,4,132,58,136,136,,,
9-Apr-96,1,0,59,61,59,60,,,
10-Apr-96,0,0,720,25,720,720,,,
11-Apr-96,0,0,943,0,943,943,,,
12-Apr-96,0,0,1123,0,1123,1123,,,
13-Apr-96,0,0,567,0,567,567,,,
14-Apr-96,0,0,679,3,679,679,,,
15-Apr-96,0,0,1128,0,1128,1128,,,
16-Apr-96,0,0,794,0,794,794,,,
17-Apr-96,0,0,780,12,780,780,,,
18-Apr-96,0,0,1080,0,1080,1080,,,
19-Apr-96,0,0,804,0,804,804,,,
20-Apr-96,1,0,660,60,660,661,,,
21-Apr-96,0,0,271,124,271,271,,,
22-Apr-96,1,0,371,54,371,372,,,
23-Apr-96,0,0,587,44,587,587,,,
24-Apr-96,0,0,484,20,484,484,,,
25-Apr-96,2,0,489,12,489,491,,,
26-Apr-96,0,0,790,33,790,790,,,
27-Apr-96,1,0,323,52,323,324,,,
28-Apr-96,0,0,12,52,12,12,,,
29-Apr-96,1,19,12,39,31,13,,,
30-Apr-96,1,15,7,26,22,8,,,
1-May-96,1,9,1,27,10,2,,,
2-May-96,0,32,53,46,85,53,,,
3-May-96,1,0,342,50,342,343,,,
4-May-96,0,6,11,31,17,11,,,
5-May-96,0,10,1,66,11,1,,,
6-May-96,0,5,8,54,13,8,,,
7-May-96,0,7,5,59,12,5,,,
8-May-96,0,21,5,56,26,5,,,
9-May-96,0,18,0,58,18,0,,,
10-May-96,2,14,0,98,14,2,,,
11-May-96,0,5,0,62,5,0,,,
12-May-96,1,6,0,100,6,1,,,
13-May-96,1,16,0,128,16,1,,,
14-May-96,1,18,0,148,18,1,,,
15-May-96,2,50,67,106,117,69,,,
16-May-96,0,2,12,80,14,12,,,
17-May-96,0,4,8,33,12,8,,,
18-May-96,1,12,2,25,14,3,,,
19-May-96,1,9,13,34,22,14,,,
20-May-96,0,7,8,43,15,8,,,
21-May-96,0,9,2,47,11,2,,,
22-May-96,0,7,0,60,7,0,,,
23-May-96,0,12,0,65,12,0,,,
24-May-96,0,19,0,52,19,0,,,
25-May-96,0,17,1,107,18,1,,,
26-May-96,0,12,8,114,20,8,,,
27-May-96,1,13,8,81,21,9,,,
28-May-96,0,14,4,86,18,4,,,
29-May-96,0,13,3,82,16,3,,,
30-May-96,1,5,0,17,5,1,,,
31-May-96,1,14,96,97,110,97,,,
1-Jun-96,1,0,307,116,307,308,,,
2-Jun-96,0,0,132,83,132,132,,,
3-Jun-96,0,1,19,32,20,19,,,
4-Jun-96,0,5,18,51,23,18,,,
5-Jun-96,0,17,8,57,25,8,,,
6-Jun-96,0,9,4,40,13,4,,,
7-Jun-96,1,0,1,30,1,2,,,
8-Jun-96,0,2,5,46,7,5,,,
9-Jun-96,0,8,0,62,8,0,,,
10-Jun-96,1,23,5,90,28,6,,,
11-Jun-96,0,8,4,72,12,4,,,
12-Jun-96,0,2,4,53,6,4,,,
13-Jun-96,1,1,39,36,40,40,,,
14-Jun-96,1,19,61,114,80,62,,,
15-Jun-96,0,6,77,157,83,77,,,
16-Jun-96,0,22,7,151,29,7,,,
17-Jun-96,1,15,4,77,19,5,,,
18-Jun-96,0,8,1,83,9,1,,,
19-Jun-96,0,5,7,82,12,7,,,
20-Jun-96,0,3,7,56,10,7,,,
21-Jun-96,0,4,3,52,7,3,,,
22-Jun-96,0,5,1,55,6,1,,,
23-Jun-96,0,6,4,66,10,4,,,
24-Jun-96,1,16,3,45,19,4,,,
25-Jun-96,0,6,1,28,7,1,,,
26-Jun-96,1,9,6,70,15,7,,,
27-Jun-96,1,15,11,68,26,12,,,
28-Jun-96,3,4,6,58,10,9,,,
29-Jun-96,1,5,0,41,5,1,,,
30-Jun-96,2,7,3,49,10,5,,,
1-Jul-96,1,9,12,61,21,13,,,
2-Jul-96,2,9,26,64,35,28,,,
3-Jul-96,0,1,21,35,22,21,,,
4-Jul-96,0,5,10,24,15,10,,,
5-Jul-96,0,8,20,27,28,20,,,
6-Jul-96,1,8,5,32,13,6,,,
7-Jul-96,0,11,4,10,15,4,,,
8-Jul-96,1,3,4,4,7,5,,,
9-Jul-96,3,3,5,18,8,8,,,
10-Jul-96,4,5,2,27,7,6,,,
11-Jul-96,2,7,3,26,10,5,,,
12-Jul-96,4,9,14,9,23,18,,,
13-Jul-96,2,11,20,14,31,22,,,
14-Jul-96,2,24,2,14,26,4,,,
15-Jul-96,2,11,13,17,24,15,,,
16-Jul-96,2,12,15,20,27,17,,,
17-Jul-96,0,12,15,23,27,15,,,
18-Jul-96,0,11,15,13,26,15,,,
19-Jul-96,4,8,13,25,21,17,,,
20-Jul-96,43,13,21,28,34,64,,,
21-Jul-96,56,34,87,45,121,143,,,
22-Jul-96,49,40,125,44,165,174,,,
23-Jul-96,8,14,9,25,23,17,,,
24-Jul-96,16,3,7,24,10,23,,,
25-Jul-96,83,4,38,21,42,121,,,
26-Jul-96,64,10,18,37,28,82,,,
27-Jul-96,5,3,9,47,12,14,,,
28-Jul-96,13,4,8,85,12,21,,,
29-Jul-96,23,3,34,115,37,57,,,
30-Jul-96,11,0,104,58,104,115,,,
31-Jul-96,88,0,178,93,178,266,,,
1-Aug-96,3,9,43,34,52,46,,,
2-Aug-96,6,0,58,11,58,64,,,
3-Aug-96,35,4,136,27,140,171,,,
4-Aug-96,13,0,119,77,119,132,,,
5-Aug-96,29,0,126,24,126,155,,,
6-Aug-96,15,0,137,22,137,152,,,
7-Aug-96,7,0,129,42,129,136,,,
8-Aug-96,41,2,140,50,142,181,,,
9-Aug-96,83,1,92,69,93,175,,,
10-Aug-96,36,3,29,98,32,65,,,
11-Aug-96,33,0,85,121,85,118,,,
12-Aug-96,0,1,50,119,51,50,,,
13-Aug-96,20,2,57,119,59,77,,,
14-Aug-96,21,2,44,80,46,65,,,
15-Aug-96,27,0,35,65,35,62,,,
16-Aug-96,1,6,10,66,16,11,,,
17-Aug-96,25,2,14,69,16,39,,,
18-Aug-96,14,1,13,64,14,27,,,
19-Aug-96,15,1,24,99,25,39,,,
20-Aug-96,21,1,3,157,4,24,,,
21-Aug-96,4,5,39,73,44,43,,,
22-Aug-96,6,7,1,64,8,7,,,
23-Aug-96,0,0,5,43,5,5,,,
24-Aug-96,3,0,2,33,2,5,,,
25-Aug-96,22,0,10,45,10,32,,,
26-Aug-96,6,0,12,49,12,18,,,
27-Aug-96,9,0,2,18,2,11,,,
28-Aug-96,0,17,27,51,44,27,,,
29-Aug-96,15,9,20,29,29,35,,,
30-Aug-96,64,3,17,35,20,81,,,
31-Aug-96,25,4,16,61,20,41,,,
1-Sep-96,50,4,1,93,5,51,,,
2-Sep-96,3,1,1,80,2,4,,,
3-Sep-96,86,1,6,117,7,92,,,
4-Sep-96,81,8,6,97,14,87,,,
5-Sep-96,63,4,13,41,17,76,,,
6-Sep-96,169,17,28,40,45,197,,,
7-Sep-96,21,3,5,87,8,26,,,
8-Sep-96,24,5,0,47,5,24,,,
9-Sep-96,210,13,4,31,17,214,,,
10-Sep-96,112,20,33,65,53,145,,,
11-Sep-96,211,13,13,46,26,224,,,
12-Sep-96,70,43,12,64,55,82,,,
13-Sep-96,48,20,21,81,41,69,,,
14-Sep-96,52,29,10,64,39,62,,,
15-Sep-96,114,7,16,69,23,130,,,
16-Sep-96,73,5,6,83,11,79,,,
17-Sep-96,33,8,1,68,9,34,,,
18-Sep-96,7,0,3,46,3,10,,,
19-Sep-96,12,0,5,14,5,17,,,
20-Sep-96,0,0,2,19,2,2,,,
21-Sep-96,1,0,0,4,0,1,,,
22-Sep-96,0,0,2,8,2,2,,,
23-Sep-96,0,0,0,6,0,0,,,
24-Sep-96,1,0,2,10,2,3,,,
25-Sep-96,1,0,11,2,11,12,,,
26-Sep-96,10,1,17,4,18,27,,,
27-Sep-96,48,3,14,22,17,62,,,
28-Sep-96,113,5,45,28,50,158,,,
29-Sep-96,38,4,51,5,55,89,,,
30-Sep-96,24,5,10,8,15,34,,,
1-Oct-96,24,0,2,6,2,26,,,
2-Oct-96,2,0,0,17,0,2,,,
3-Oct-96,1,0,0,20,0,1,,,
4-Oct-96,1,0,0,20,0,1,,,
5-Oct-96,0,0,0,20,0,0,,,
6-Oct-96,0,0,0,22,0,0,,,
7-Oct-96,0,0,5,19,5,5,,,
8-Oct-96,0,1,11,14,12,11,,,
9-Oct-96,0,4,0,9,4,0,,,
10-Oct-96,0,5,1,8,6,1,,,
11-Oct-96,1,0,0,5,0,1,,,
12-Oct-96,0,0,0,6,0,0,,,
13-Oct-96,5,2,0,5,2,5,,,
14-Oct-96,6,0,0,5,0,6,,,
15-Oct-96,4,5,0,5,5,4,,,
16-Oct-96,4,4,0,8,4,4,,,
17-Oct-96,11,3,0,9,3,11,,,
18-Oct-96,36,7,0,9,7,36,,,
19-Oct-96,7,0,0,7,0,7,,,
20-Oct-96,8,2,0,7,2,8,,,
21-Oct-96,36,1,0,7,1,36,,,
22-Oct-96,5,2,0,12,2,5,,,
23-Oct-96,13,2,0,12,2,13,,,
24-Oct-96,16,1,0,6,1,16,,,
25-Oct-96,18,0,0,6,0,18,,,
26-Oct-96,80,1,0,3,1,80,,,
27-Oct-96,23,1,0,7,1,23,,,
28-Oct-96,3,0,0,3,0,3,,,
29-Oct-96,7,0,0,8,0,7,,,
30-Oct-96,30,3,0,5,3,30,,,
31-Oct-96,0,4,0,1,4,0,,,
1-Nov-96,110,4,0,7,4,110,,,
2-Nov-96,303,3,1,6,4,304,,,
3-Nov-96,17,1,0,1,1,17,,,
4-Nov-96,190,1,0,2,1,190,,,
5-Nov-96,147,2,0,6,2,147,,,
6-Nov-96,32,1,0,7,1,32,,,
7-Nov-96,3,0,0,2,0,3,,,
8-Nov-96,0,1,0,2,1,0,,,
9-Nov-96,28,2,0,0,2,28,,,
10-Nov-96,117,2,0,0,2,117,,,
11-Nov-96,64,1,0,3,1,64,,,
12-Nov-96,5,0,0,5,0,5,,,
13-Nov-96,0,0,0,5,0,0,,,
14-Nov-96,41,2,0,4,2,41,,,
15-Nov-96,1,4,0,2,4,1,,,
16-Nov-96,1,1,0,1,1,1,,,
17-Nov-96,1,1,0,1,1,1,,,
18-Nov-96,1,0,0,3,0,1,,,
19-Nov-96,22,0,0,0,0,22,,,
20-Nov-96,31,2,0,3,2,31,,,
21-Nov-96,1,0,0,15,0,1,,,
22-Nov-96,1,0,0,7,0,1,,,
23-Nov-96,0,1,0,14,1,0,,,
24-Nov-96,1,1,0,19,1,1,,,
25-Nov-96,2,0,0,12,0,2,,,
26-Nov-96,54,0,0,2,0,54,,,
27-Nov-96,45,0,0,2,0,45,,,
28-Nov-96,6,3,0,8,3,6,,,
29-Nov-96,0,0,0,9,0,0,,,
30-Nov-96,64,1,0,5,1,64,,,
1-Dec-96,178,0,0,4,0,178,,,
2-Dec-96,181,0,0,2,0,181,,,
3-Dec-96,256,0,0,1,0,256,,,
4-Dec-96,279,0,0,3,0,279,,,
5-Dec-96,314,0,0,3,0,314,,,
6-Dec-96,159,0,0,4,0,159,,,
7-Dec-96,146,0,0,1,0,146,,,
8-Dec-96,41,0,0,3,0,41,,,
9-Dec-96,116,0,0,3,0,116,,,
10-Dec-96,164,1,0,11,1,164,,,
11-Dec-96,37,0,0,8,0,37,,,
12-Dec-96,0,0,0,4,0,0,,,
13-Dec-96,1,0,0,1,0,1,,,
14-Dec-96,0,2,0,1,2,0,,,
15-Dec-96,0,7,0,4,7,0,,,
16-Dec-96,0,14,0,16,14,0,,,
17-Dec-96,0,15,0,26,15,0,,,
18-Dec-96,0,2,0,14,2,0,,,
19-Dec-96,0,15,0,21,15,0,,,
20-Dec-96,81,1,0,12,1,81,,,
21-Dec-96,46,7,0,20,7,46,,,
22-Dec-96,1,12,82,33,94,83,,,
23-Dec-96,0,2,35,31,37,35,,,
24-Dec-96,1,2,40,10,42,41,,,
25-Dec-96,2,0,153,23,153,155,,,
26-Dec-96,0,1,138,31,139,138,,,
27-Dec-96,1,1,149,55,150,150,,,
28-Dec-96,0,2,155,70,157,155,,,
29-Dec-96,6,5,105,22,110,111,,,
30-Dec-96,10,0,60,19,60,70,,,
31-Dec-96,2,2,37,28,39,39,,,
,,,,,0,0,,,
2-Jan-97,1,0,40,84,40,41,,,
3-Jan-97,17,3,18,74,21,35,,,
4-Jan-97,22,0,2,110,2,24,,,
5-Jan-97,1,5,0,59,5,1,,,
6-Jan-97,1,4,1,106,5,2,,,
7-Jan-97,3,1,5,134,6,8,,,
8-Jan-97,0,4,35,165,39,35,,,
9-Jan-97,0,7,30,149,37,30,,,
10-Jan-97,2,7,9,98,16,11,,,
11-Jan-97,6,1,2,71,3,8,,,
12-Jan-97,6,0,4,47,4,10,,,
13-Jan-97,63,0,21,84,21,84,,,
14-Jan-97,44,3,1,77,4,45,,,
15-Jan-97,17,2,7,36,9,24,,,
16-Jan-97,33,9,4,30,13,37,,,
17-Jan-97,3,6,8,42,14,11,,,
18-Jan-97,37,7,27,46,34,64,,,
19-Jan-97,29,4,28,41,32,57,,,
20-Jan-97,24,3,21,35,24,45,,,
21-Jan-97,19,3,12,25,15,31,,,
22-Jan-97,83,8,6,21,14,89,,,
23-Jan-97,38,3,7,31,10,45,,,
24-Jan-97,36,3,6,38,9,42,,,
25-Jan-97,27,2,1,19,3,28,,,
26-Jan-97,61,0,3,22,3,64,,,
27-Jan-97,54,6,25,47,31,79,,,
28-Jan-97,12,0,1,13,1,13,,,
29-Jan-97,67,0,4,11,4,71,,,
30-Jan-97,49,2,11,24,13,60,,,
31-Jan-97,9,0,5,17,5,14,,,
1-Feb-97,38,0,4,27,4,42,,,
2-Feb-97,57,2,46,66,48,103,,,
3-Feb-97,92,0,28,48,28,120,,,
4-Feb-97,16,1,11,33,12,27,,,
5-Feb-97,101,2,71,29,73,172,,,
6-Feb-97,52,0,43,21,43,95,,,
7-Feb-97,70,0,29,67,29,99,,,
8-Feb-97,15,0,213,45,213,228,,,
9-Feb-97,66,2,8,30,10,74,,,
10-Feb-97,77,0,15,25,15,92,,,
11-Feb-97,96,2,35,24,37,131,,,
12-Feb-97,129,0,33,23,33,162,,,
13-Feb-97,96,2,35,8,37,131,,,
14-Feb-97,20,0,25,12,25,45,,,
15-Feb-97,33,0,15,6,15,48,,,
16-Feb-97,89,0,1,9,1,90,,,
17-Feb-97,26,0,0,27,0,26,,,
18-Feb-97,95,0,36,8,36,131,,,
19-Feb-97,32,0,32,21,32,64,,,
20-Feb-97,130,0,237,11,237,367,,,
21-Feb-97,28,0,139,20,139,167,,,
22-Feb-97,125,0,100,2,100,225,,,
23-Feb-97,4,0,75,18,75,79,,,
24-Feb-97,39,0,30,12,30,69,,,
25-Feb-97,24,0,4,14,4,28,,,
26-Feb-97,39,0,40,15,40,79,,,
27-Feb-97,28,0,58,33,58,86,,,
28-Feb-97,6,0,15,25,15,21,,,
1-Mar-97,101,0,62,6,62,163,,,
2-Mar-97,21,0,91,21,91,112,,,
3-Mar-97,2,0,2,38,2,4,,,
4-Mar-97,23,1,47,24,48,70,,,
5-Mar-97,2,0,0,33,0,2,,,
6-Mar-97,0,0,1,11,1,1,,,
7-Mar-97,0,1,1,9,2,1,,,
8-Mar-97,1,0,2,8,2,3,,,
9-Mar-97,29,0,39,17,39,68,,,
10-Mar-97,62,0,60,7,60,122,,,
11-Mar-97,26,0,80,11,80,106,,,
12-Mar-97,38,0,94,8,94,132,,,
13-Mar-97,2,1,16,9,17,18,,,
14-Mar-97,43,0,184,5,184,227,,,
15-Mar-97,1,0,4,4,4,5,,,
16-Mar-97,1,0,6,6,6,7,,,
17-Mar-97,1,2,159,10,161,160,,,
18-Mar-97,4,0,52,2,52,56,,,
19-Mar-97,29,0,88,24,88,117,,,
20-Mar-97,0,1,12,15,13,12,,,
21-Mar-97,8,3,24,19,27,32,,,
22-Mar-97,37,4,50,22,54,87,,,
23-Mar-97,4,15,13,16,28,17,,,
24-Mar-97,4,6,5,28,11,9,,,
25-Mar-97,1,4,4,24,8,5,,,
26-Mar-97,16,10,20,21,30,36,,,
27-Mar-97,10,12,15,35,27,25,,,
28-Mar-97,5,12,1,24,13,6,,,
29-Mar-97,0,11,3,25,14,3,,,
30-Mar-97,4,9,7,59,16,11,,,
31-Mar-97,2,10,3,44,13,5,,,
1-Apr-97,4,32,18,39,50,22,,,
2-Apr-97,10,11,32,58,43,42,,,
3-Apr-97,56,12,39,15,51,95,,,
4-Apr-97,15,2,23,28,25,38,,,
5-Apr-97,27,4,0,27,4,27,,,
6-Apr-97,5,1,0,20,1,5,,,
7-Apr-97,5,2,0,35,2,5,,,
8-Apr-97,7,1,0,22,1,7,,,
9-Apr-97,1,1,0,28,1,1,,,
10-Apr-97,3,3,0,25,3,3,,,
11-Apr-97,4,6,0,42,6,4,,,
12-Apr-97,12,0,62,27,62,74,,,
13-Apr-97,0,1,16,11,17,16,,,
14-Apr-97,3,0,15,9,15,18,,,
15-Apr-97,5,1,86,15,87,91,,,
16-Apr-97,1,8,10,19,18,11,,,
17-Apr-97,0,11,2,18,13,2,,,
18-Apr-97,2,22,2,20,24,4,,,
19-Apr-97,2,4,3,9,7,5,,,
20-Apr-97,3,7,1,8,8,4,,,
21-Apr-97,3,9,0,18,9,3,,,
22-Apr-97,2,17,1,49,18,3,,,
23-Apr-97,0,25,0,71,25,0,,,
24-Apr-97,0,14,0,71,14,0,,,
25-Apr-97,1,22,1,44,23,2,,,
26-Apr-97,4,7,0,40,7,4,,,
27-Apr-97,1,30,0,34,30,1,,,
28-Apr-97,1,14,1,42,15,2,,,
29-Apr-97,0,20,0,32,20,0,,,
30-Apr-97,2,17,2,29,19,4,,,
1-May-97,1,24,0,31,24,1,,,
2-May-97,8,11,1,49,12,9,,,
3-May-97,4,26,0,53,26,4,,,
4-May-97,3,18,0,45,18,3,,,
5-May-97,0,61,1,54,62,1,,,
6-May-97,6,33,1,42,34,7,,,
7-May-97,2,22,0,44,22,2,,,
8-May-97,48,12,0,17,12,48,,,
9-May-97,0,14,0,29,14,0,,,
10-May-97,4,23,0,42,23,4,,,
11-May-97,0,17,0,46,17,0,,,
12-May-97,1,25,7,60,32,8,,,
13-May-97,5,25,3,64,28,8,,,
14-May-97,0,18,90,39,108,90,,,
15-May-97,0,9,49,18,58,49,,,
16-May-97,0,15,32,33,47,32,,,
17-May-97,0,5,7,48,12,7,,,
18-May-97,0,9,110,33,119,110,,,
19-May-97,0,6,154,33,160,154,,,
20-May-97,0,4,149,14,153,149,,,
21-May-97,1,6,117,28,123,118,,,
22-May-97,6,6,29,37,35,35,,,
23-May-97,4,6,153,43,159,157,,,
24-May-97,0,6,52,56,58,52,,,
25-May-97,0,3,48,44,51,48,,,
26-May-97,0,0,104,21,104,104,,,
27-May-97,0,1,98,30,99,98,,,
28-May-97,1,0,8,45,8,9,,,
29-May-97,0,0,6,39,6,6,,,
30-May-97,0,2,0,41,2,0,,,
31-May-97,0,0,4,55,4,4,,,
1-Jun-97,0,1,1,53,2,1,,,
2-Jun-97,0,16,1,59,17,1,,,
3-Jun-97,0,3,5,56,8,5,,,
4-Jun-97,0,2,3,71,5,3,,,
5-Jun-97,0,3,7,71,10,7,,,
6-Jun-97,0,7,11,51,18,11,,,
7-Jun-97,0,2,9,38,11,9,,,
8-Jun-97,0,4,6,42,10,6,,,
9-Jun-97,0,12,8,56,20,8,,,
10-Jun-97,0,9,3,54,12,3,,,
11-Jun-97,0,16,9,66,25,9,,,
12-Jun-97,0,4,15,56,19,15,,,
13-Jun-97,0,8,3,53,11,3,,,
14-Jun-97,0,8,2,43,10,2,,,
15-Jun-97,0,4,3,45,7,3,,,
16-Jun-97,7,1,1,66,2,8,,,
17-Jun-97,0,1,0,64,1,0,,,
18-Jun-97,0,3,1,54,4,1,,,
19-Jun-97,0,0,0,38,0,0,,,
20-Jun-97,0,6,0,46,6,0,,,
21-Jun-97,0,3,0,40,3,0,,,
22-Jun-97,22,1,84,42,85,106,,,
23-Jun-97,9,4,373,22,377,382,,,
24-Jun-97,5,0,378,10,378,383,,,
25-Jun-97,4,0,102,17,102,106,,,
26-Jun-97,8,0,22,18,22,30,,,
27-Jun-97,17,0,70,23,70,87,,,
28-Jun-97,12,0,106,54,106,118,,,
29-Jun-97,0,0,109,40,109,109,,,
30-Jun-97,0,0,49,17,49,49,,,
1-Jul-97,1,0,10,29,10,11,,,
2-Jul-97,4,0,34,65,34,38,,,
3-Jul-97,0,1,12,66,13,12,,,
4-Jul-97,0,0,7,36,7,7,,,
5-Jul-97,13,2,52,54,54,65,,,
6-Jul-97,4,1,22,20,23,26,,,
7-Jul-97,6,1,46,67,47,52,,,
8-Jul-97,0,1,1,13,2,1,,,
9-Jul-97,0,1,0,40,1,0,,,
10-Jul-97,0,0,0,13,0,0,,,
11-Jul-97,0,0,0,39,0,0,,,
12-Jul-97,0,5,0,55,5,0,,,
13-Jul-97,0,0,0,5,0,0,,,
14-Jul-97,0,2,0,16,2,0,,,
15-Jul-97,0,1,0,21,1,0,,,
16-Jul-97,0,0,0,17,0,0,,,
17-Jul-97,0,3,3,16,6,3,,,
18-Jul-97,0,4,2,38,6,2,,,
19-Jul-97,0,4,0,23,4,0,,,
20-Jul-97,0,0,1,13,1,1,,,
21-Jul-97,0,4,0,14,4,0,,,
22-Jul-97,0,3,0,11,3,0,,,
23-Jul-97,0,3,0,12,3,0,,,
24-Jul-97,3,0,0,7,0,3,,,
25-Jul-97,0,1,0,14,1,0,,,
26-Jul-97,0,2,0,14,2,0,,,
27-Jul-97,0,3,0,19,3,0,,,
28-Jul-97,0,0,0,13,0,0,,,
29-Jul-97,1,2,0,66,2,1,,,
30-Jul-97,0,17,0,69,17,0,,,
31-Jul-97,0,34,11,53,45,11,,,
1-Aug-97,0,6,71,51,77,71,,,
2-Aug-97,0,6,153,16,159,153,,,
3-Aug-97,0,5,144,75,149,144,,,
4-Aug-97,0,10,93,51,103,93,,,
5-Aug-97,0,2,157,8,159,157,,,
6-Aug-97,0,4,127,8,131,127,,,
7-Aug-97,0,11,139,9,150,139,,,
8-Aug-97,0,6,143,12,149,143,,,
9-Aug-97,0,17,160,11,177,160,,,
10-Aug-97,0,24,360,2,384,360,,,
11-Aug-97,0,3,207,15,210,207,,,
12-Aug-97,0,1,207,20,208,207,,,
13-Aug-97,0,0,537,3,537,537,,,
14-Aug-97,0,1,249,18,250,249,,,
15-Aug-97,0,1,184,13,185,184,,,
16-Aug-97,0,0,179,12,179,179,,,
17-Aug-97,0,0,87,12,87,87,,,
18-Aug-97,0,4,147,11,151,147,,,
19-Aug-97,0,0,143,17,143,143,,,
20-Aug-97,2,1,32,39,33,34,,,
21-Aug-97,0,8,15,47,23,15,,,
22-Aug-97,0,1,69,46,70,69,,,
23-Aug-97,0,5,10,52,15,10,,,
24-Aug-97,0,6,2,61,8,2,,,
25-Aug-97,4,6,4,112,10,8,,,
26-Aug-97,3,12,2,71,14,5,,,
27-Aug-97,13,24,3,35,27,16,,,
28-Aug-97,2,10,0,45,10,2,,,
29-Aug-97,9,30,2,57,32,11,,,
30-Aug-97,4,14,11,58,25,15,,,
31-Aug-97,6,40,4,60,44,10,,,
1-Sep-97,2,26,0,44,26,2,,,
2-Sep-97,37,7,1,22,8,38,,,
3-Sep-97,34,9,5,56,14,39,,,
4-Sep-97,4,1,0,8,1,4,,,
5-Sep-97,0,16,5,68,21,5,,,
6-Sep-97,0,15,1,15,16,1,,,
10-Sep-97,0,2,0,3,2,0,,,
11-Sep-97,0,6,1,16,7,1,,,
12-Sep-97,0,7,7,12,14,7,,,
13-Sep-97,0,3,1,37,4,1,,,
14-Sep-97,9,6,25,53,31,34,,,
15-Sep-97,11,4,6,28,10,17,,,
16-Sep-97,7,23,1,60,24,8,,,
17-Sep-97,12,9,6,47,15,18,,,
18-Sep-97,3,10,13,40,23,16,,,
19-Sep-97,6,36,0,31,36,6,,,
20-Sep-97,10,8,52,14,60,62,,,
21-Sep-97,0,7,95,49,102,95,,,
22-Sep-97,5,7,65,35,72,70,,,
23-Sep-97,0,4,78,16,82,78,,,
24-Sep-97,2,5,48,18,53,50,,,
25-Sep-97,3,13,56,22,69,59,,,
26-Sep-97,0,1,30,16,31,30,,,
27-Sep-97,0,6,38,10,44,38,,,
28-Sep-97,0,2,29,12,31,29,,,
29-Sep-97,22,5,7,9,12,29,,,
30-Sep-97,70,4,19,9,23,89,,,
1-Oct-97,22,2,15,8,17,37,,,
2-Oct-97,4,0,6,2,6,10,,,
3-Oct-97,33,6,5,29,11,38,,,
4-Oct-97,4,4,0,35,4,4,,,
5-Oct-97,0,17,5,61,22,5,,,
6-Oct-97,0,15,1,13,16,1,,,
7-Oct-97,14,1,46,5,47,60,,,
8-Oct-97,3,7,8,5,15,11,,,
9-Oct-97,1,2,5,9,7,6,,,
10-Oct-97,8,0,4,3,4,12,,,
11-Oct-97,7,0,20,6,20,27,,,
12-Oct-97,8,0,6,3,6,14,,,
13-Oct-97,3,5,0,5,5,3,,,
14-Oct-97,6,1,7,4,8,13,,,
15-Oct-97,1,1,6,1,7,7,,,
16-Oct-97,0,10,3,5,13,3,,,
17-Oct-97,2,8,2,2,10,4,,,
18-Oct-97,6,4,2,8,6,8,,,
19-Oct-97,25,8,10,15,18,35,,,
20-Oct-97,23,7,33,4,40,56,,,
21-Oct-97,21,20,65,26,85,86,,,
22-Oct-97,76,16,55,22,71,131,,,
23-Oct-97,9,13,8,16,21,17,,,
24-Oct-97,9,8,36,11,44,45,,,
25-Oct-97,0,19,39,22,58,39,,,
26-Oct-97,4,64,24,21,88,28,,,
27-Oct-97,58,16,122,27,138,180,,,
28-Oct-97,29,17,72,40,89,101,,,
29-Oct-97,0,71,29,84,100,29,,,
30-Oct-97,2,14,150,40,164,152,,,
31-Oct-97,11,24,229,48,253,240,,,
1-Nov-97,0,2,166,21,168,166,,,
2-Nov-97,2,1,300,34,301,302,,,
3-Nov-97,0,13,240,2,253,240,,,
4-Nov-97,0,14,470,43,484,470,,,
5-Nov-97,0,4,310,0,314,310,,,
6-Nov-97,3,1,125,2,126,128,,,
7-Nov-97,0,0,110,1,110,110,,,
8-Nov-97,0,0,110,1,110,110,,,
9-Nov-97,4,0,850,5,850,854,,,
10-Nov-97,2,0,470,27,470,472,,,
11-Nov-97,0,0,120,26,120,120,,,
12-Nov-97,7,3,216,29,219,223,,,
13-Nov-97,0,1,18,4,19,18,,,
14-Nov-97,0,1,15,20,16,15,,,
15-Nov-97,2,0,3,17,3,5,,,
16-Nov-97,7,12,13,43,25,20,,,
17-Nov-97,4,6,12,46,18,16,,,
18-Nov-97,1,1,28,57,29,29,,,
19-Nov-97,1,49,7,37,56,8,,,
20-Nov-97,1,7,49,70,56,50,,,
21-Nov-97,0,0,24,196,24,24,,,
22-Nov-97,0,15,7,41,22,7,,,
23-Nov-97,0,5,31,37,36,31,,,
24-Nov-97,0,10,58,45,68,58,,,
25-Nov-97,0,34,10,134,44,10,,,
26-Nov-97,0,17,17,125,34,17,,,
27-Nov-97,0,20,3,187,23,3,,,
28-Nov-97,0,1,38,117,39,38,,,
29-Nov-97,0,9,17,104,26,17,,,
30-Nov-97,0,29,4,119,33,4,,,
1-Dec-97,0,33,1,178,34,1,,,
2-Dec-97,0,69,3,160,72,3,,,
3-Dec-97,1,76,0,145,76,1,,,
4-Dec-97,0,29,3,119,32,3,,,
5-Dec-97,0,43,0,144,43,0,,,
6-Dec-97,0,78,2,118,80,2,,,
7-Dec-97,0,53,2,166,55,2,,,
8-Dec-97,0,78,5,154,83,5,,,
9-Dec-97,0,42,0,78,42,0,,,
10-Dec-97,0,53,0,75,53,0,,,
11-Dec-97,0,44,1,78,45,1,,,
12-Dec-97,0,70,7,113,77,7,,,
13-Dec-97,2,88,4,49,92,6,,,
14-Dec-97,1,36,14,87,50,15,,,
15-Dec-97,0,30,10,67,40,10,,,
16-Dec-97,2,33,4,77,37,6,,,
17-Dec-97,1,53,12,111,65,13,,,
18-Dec-97,1,95,15,141,110,16,,,
19-Dec-97,0,11,4,121,15,4,,,
20-Dec-97,2,7,7,111,14,9,,,
21-Dec-97,1,32,10,49,42,11,,,
22-Dec-97,0,58,34,64,92,34,,,
23-Dec-97,0,21,13,116,34,13,,,
24-Dec-97,4,8,76,115,84,80,,,
25-Dec-97,0,4,30,43,34,30,,,
26-Dec-97,2,2,174,4,176,176,,,
27-Dec-97,0,5,77,6,82,77,,,
28-Dec-97,0,4,24,65,28,24,,,
29-Dec-97,0,7,47,47,54,47,,,
30-Dec-97,0,12,24,18,36,24,,,
31-Dec-97,10,1,12,36,13,22,,,
1-Jan-98,0,3,5,88,8,5,,,
2-Jan-98,1,5,23,61,28,24,,,
3-Jan-98,0,0,7,18,7,7,,,
4-Jan-98,0,3,0,24,3,0,,,
5-Jan-98,0,3,6,70,9,6,,,
6-Jan-98,0,12,14,17,26,14,,,
7-Jan-98,1,10,25,40,35,26,,,
8-Jan-98,6,3,27,30,30,33,,,
9-Jan-98,11,4,11,30,15,22,,,
10-Jan-98,7,9,19,47,28,26,,,
11-Jan-98,5,2,10,65,12,15,,,
12-Jan-98,18,6,12,66,18,30,,,
13-Jan-98,3,8,35,87,43,38,,,
14-Jan-98,12,11,16,31,27,28,,,
15-Jan-98,14,5,9,60,14,23,,,
16-Jan-98,1,6,23,42,29,24,,,
17-Jan-98,0,8,11,45,19,11,,,
18-Jan-98,1,18,19,61,37,20,,,
19-Jan-98,11,11,39,108,50,50,,,
20-Jan-98,5,12,48,221,60,53,,,
21-Jan-98,3,16,14,108,30,17,,,
22-Jan-98,3,9,10,67,19,13,,,
23-Jan-98,0,4,5,31,9,5,,,
24-Jan-98,6,5,19,62,24,25,,,
25-Jan-98,8,1,6,25,7,14,,,
26-Jan-98,0,2,15,29,17,15,,,
27-Jan-98,10,1,4,54,5,14,,,
28-Jan-98,2,1,5,77,6,7,,,
29-Jan-98,1,2,2,93,4,3,,,
30-Jan-98,3,7,9,113,16,12,,,
31-Jan-98,2,1,5,63,6,7,,,
1-Feb-98,0,3,1,31,4,1,,,
2-Feb-98,0,2,1,28,3,1,,,
3-Feb-98,0,9,1,64,10,1,,,
4-Feb-98,0,6,2,125,8,2,,,
5-Feb-98,4,2,1,101,3,5,,,
6-Feb-98,0,3,2,32,5,2,,,
7-Feb-98,3,9,4,53,13,7,,,
8-Feb-98,1,14,4,85,18,5,,,
9-Feb-98,1,11,21,70,32,22,,,
10-Feb-98,15,12,4,70,16,19,,,
11-Feb-98,35,10,20,75,30,55,,,
12-Feb-98,5,4,10,66,14,15,,,
13-Feb-98,5,4,7,37,11,12,,,
14-Feb-98,1,9,4,61,13,5,,,
15-Feb-98,3,6,3,75,9,6,,,
16-Feb-98,4,4,13,43,17,17,,,
17-Feb-98,2,6,15,53,21,17,,,
18-Feb-98,5,15,4,57,19,9,,,
19-Feb-98,0,1,1,23,2,1,,,
20-Feb-98,2,2,1,18,3,3,,,
21-Feb-98,43,3,35,41,38,78,,,
22-Feb-98,14,6,0,48,6,14,,,
23-Feb-98,21,4,48,28,52,69,,,
24-Feb-98,3,6,74,52,80,77,,,
25-Feb-98,31,5,17,31,22,48,,,
26-Feb-98,21,4,63,23,67,84,,,
27-Feb-98,2,3,53,14,56,55,,,
28-Feb-98,17,2,60,21,62,77,,,
1-Mar-98,2,1,3,13,4,5,,,
2-Mar-98,4,5,9,25,14,13,,,
3-Mar-98,7,2,8,15,10,15,,,
4-Mar-98,12,0,0,6,0,12,,,
5-Mar-98,13,1,0,2,1,13,,,
6-Mar-98,8,7,2,7,9,10,,,
7-Mar-98,6,0,0,7,0,6,,,
8-Mar-98,1,0,0,10,0,1,,,
9-Mar-98,0,0,0,2,0,0,,,
10-Mar-98,2,2,1,4,3,3,,,
11-Mar-98,1,0,3,2,3,4,,,
12-Mar-98,0,3,8,2,11,8,,,
13-Mar-98,3,0,8,2,8,11,,,
14-Mar-98,1,0,0,3,0,1,,,
15-Mar-98,2,0,0,2,0,2,,,
16-Mar-98,0,0,0,1,0,0,,,
17-Mar-98,2,0,5,6,5,7,,,
18-Mar-98,7,0,1,1,1,8,,,
19-Mar-98,0,0,3,3,3,3,,,
20-Mar-98,1,0,3,2,3,4,,,
21-Mar-98,1,0,0,3,0,1,,,
22-Mar-98,3,0,5,3,5,8,,,
23-Mar-98,4,0,9,5,9,13,,,
24-Mar-98,5,1,9,3,10,14,,,
25-Mar-98,2,0,2,3,2,4,,,
26-Mar-98,1,0,2,5,2,3,,,
27-Mar-98,0,0,0,1,0,0,,,
28-Mar-98,0,0,2,0,2,2,,,
29-Mar-98,0,2,1,5,3,1,,,
30-Mar-98,4,0,0,6,0,4,,,
31-Mar-98,1,1,0,5,1,1,,,
1-Apr-98,2,2,3,1,5,5,,,
2-Apr-98,1,0,1,13,1,2,,,
3-Apr-98,4,0,0,6,0,4,,,
4-Apr-98,4,1,2,6,3,6,,,
5-Apr-98,13,0,2,4,2,15,,,
6-Apr-98,5,0,0,3,0,5,,,
7-Apr-98,6,0,1,3,1,7,,,
8-Apr-98,11,0,0,6,0,11,,,
9-Apr-98,14,1,8,5,9,22,,,
10-Apr-98,4,0,1,6,1,5,,,
11-Apr-98,4,0,1,5,1,5,,,
12-Apr-98,15,0,2,11,2,17,,,
13-Apr-98,17,0,0,5,0,17,,,
14-Apr-98,3,0,1,6,1,4,,,
15-Apr-98,8,0,1,1,1,9,,,
16-Apr-98,8,0,0,3,0,8,,,
17-Apr-98,12,0,2,4,2,14,,,
18-Apr-98,3,0,0,3,0,3,,,
19-Apr-98,5,0,0,8,0,5,,,
20-Apr-98,13,2,0,7,2,13,,,
21-Apr-98,11,0,0,4,0,11,,,
22-Apr-98,0,0,0,2,0,0,,,
23-Apr-98,1,0,0,8,0,1,,,
24-Apr-98,1,1,0,5,1,1,,,
25-Apr-98,6,0,1,6,1,7,,,
26-Apr-98,23,0,0,2,0,23,,,
27-Apr-98,10,0,1,2,1,11,,,
28-Apr-98,14,0,1,3,1,15,,,
29-Apr-98,5,0,0,8,0,5,,,
30-Apr-98,2,0,0,1,0,2,,,
1-May-98,8,1,0,0,1,8,,,
2-May-98,16,0,0,3,0,16,,,
3-May-98,6,0,0,14,0,6,,,
4-May-98,5,0,0,4,0,5,,,
5-May-98,2,0,8,3,8,10,,,
6-May-98,10,1,8,1,9,18,,,
7-May-98,8,0,1,1,1,9,,,
8-May-98,23,0,0,5,0,23,,,
9-May-98,1,0,0,6,0,1,,,
10-May-98,5,0,1,3,1,6,,,
11-May-98,16,0,4,6,4,20,,,
12-May-98,21,0,1,2,1,22,,,
13-May-98,2,1,0,2,1,2,,,
14-May-98,4,1,6,6,7,10,,,
15-May-98,8,2,0,3,2,8,,,
16-May-98,38,3,14,17,17,52,,,
17-May-98,1,0,1,1,1,2,,,
18-May-98,16,0,0,1,0,16,,,
19-May-98,9,1,2,3,3,11,,,
20-May-98,10,1,1,6,2,11,,,
21-May-98,13,0,2,4,2,15,,,
22-May-98,5,0,0,3,0,5,,,
23-May-98,12,0,3,6,3,15,,,
24-May-98,21,0,7,6,7,28,,,
25-May-98,32,0,1,5,1,33,,,
26-May-98,47,0,5,11,5,52,,,
27-May-98,2,0,0,2,0,2,,,
28-May-98,18,0,0,1,0,18,,,
29-May-98,43,0,0,10,0,43,,,
30-May-98,12,0,0,1,0,12,,,
31-May-98,0,0,0,1,0,0,,,
1-Jun-98,5,0,0,0,0,5,,,
2-Jun-98,5,1,0,3,1,5,,,
3-Jun-98,6,0,0,4,0,6,,,
4-Jun-98,18,0,2,12,2,20,,,
5-Jun-98,25,0,0,12,0,25,,,
6-Jun-98,3,0,0,1,0,3,,,
7-Jun-98,6,0,0,1,0,6,,,
8-Jun-98,8,1,0,0,1,8,,,
9-Jun-98,5,1,0,2,1,5,,,
10-Jun-98,9,0,2,2,2,11,,,
11-Jun-98,1,0,0,0,0,1,,,
12-Jun-98,1,0,0,1,0,1,,,
13-Jun-98,4,0,0,2,0,4,,,
14-Jun-98,21,0,2,10,2,23,,,
15-Jun-98,42,2,1,1,3,43,,,
16-Jun-98,2,0,0,3,0,2,,,
17-Jun-98,9,0,0,2,0,9,,,
18-Jun-98,14,0,1,4,1,15,,,
19-Jun-98,6,0,0,4,0,6,,,
20-Jun-98,5,0,0,0,0,5,,,
21-Jun-98,9,0,0,1,0,9,,,
22-Jun-98,10,0,0,1,0,10,,,
23-Jun-98,3,0,0,2,0,3,,,
24-Jun-98,3,0,0,2,0,3,,,
25-Jun-98,19,5,2,8,7,21,,,
26-Jun-98,3,0,0,1,0,3,,,
27-Jun-98,1,0,0,2,0,1,,,
28-Jun-98,4,0,0,1,0,4,,,
29-Jun-98,2,0,0,1,0,2,,,
30-Jun-98,2,0,0,17,0,2,,,
1-Jul-98,7,0,0,14,0,7,,,
2-Jul-98,4,0,0,6,0,4,,,
3-Jul-98,18,1,1,29,2,19,,,
4-Jul-98,22,1,0,27,1,22,,,
5-Jul-98,15,2,0,31,2,15,,,
6-Jul-98,20,0,0,25,0,20,,,
7-Jul-98,19,0,0,15,0,19,,,
8-Jul-98,27,0,0,14,0,27,,,
9-Jul-98,14,0,2,11,2,16,,,
10-Jul-98,1,0,4,1,4,5,,,
11-Jul-98,9,0,5,5,5,14,,,
12-Jul-98,3,0,6,8,6,9,,,
13-Jul-98,15,0,3,17,3,18,,,
14-Jul-98,8,0,0,19,0,8,,,
15-Jul-98,7,0,0,9,0,7,,,
16-Jul-98,9,0,3,7,3,12,,,
17-Jul-98,7,1,0,9,1,7,,,
18-Jul-98,1,0,0,6,0,1,,,
19-Jul-98,5,0,0,7,0,5,,,
20-Jul-98,8,0,0,8,0,8,,,
21-Jul-98,12,0,1,4,1,13,,,
22-Jul-98,4,0,0,10,0,4,,,
23-Jul-98,18,0,3,5,3,21,,,
24-Jul-98,20,0,2,6,2,22,,,
25-Jul-98,84,0,0,0,0,84,,,
26-Jul-98,25,0,0,5,0,25,,,
27-Jul-98,15,0,0,10,0,15,,,
28-Jul-98,3,0,0,5,0,3,,,
29-Jul-98,14,2,0,3,2,14,,,
30-Jul-98,6,0,0,5,0,6,,,
31-Jul-98,6,0,0,5,0,6,,,
1-Aug-98,3,0,0,6,0,3,,,
2-Aug-98,13,0,0,7,0,13,,,
3-Aug-98,21,0,0,7,0,21,,,
4-Aug-98,8,0,1,9,1,9,,,
5-Aug-98,11,0,0,12,0,11,,,
6-Aug-98,2,0,0,18,0,2,,,
7-Aug-98,4,0,0,13,0,4,,,
8-Aug-98,4,0,0,9,0,4,,,
9-Aug-98,6,0,0,7,0,6,,,
10-Aug-98,5,0,0,5,0,5,,,
11-Aug-98,8,0,0,10,0,8,,,
12-Aug-98,7,0,0,10,0,7,,,
13-Aug-98,11,0,0,49,0,11,,,
14-Aug-98,10,0,0,18,0,10,,,
15-Aug-98,24,0,3,18,3,27,,,
16-Aug-98,9,0,0,29,0,9,,,
17-Aug-98,6,0,1,12,1,7,,,
18-Aug-98,5,0,0,10,0,5,,,
19-Aug-98,8,0,0,12,0,8,,,
20-Aug-98,5,1,0,7,1,5,,,
21-Aug-98,5,1,1,6,2,6,,,
22-Aug-98,13,0,1,8,1,14,,,
23-Aug-98,19,1,1,5,2,20,,,
24-Aug-98,0,0,0,1,0,0,,,
25-Aug-98,5,0,0,1,0,5,,,
26-Aug-98,4,0,0,10,0,4,,,
27-Aug-98,1,0,0,5,0,1,,,
28-Aug-98,,,4089,,4089,4089,,,
29-Aug-98,,,,,0,0,,,
30-Aug-98,,,,,0,0,,,
31-Aug-98,0,0,0,2,0,0,,,
1-Sep-98,0,0,0,1,0,0,,,
2-Sep-98,9,0,0,3,0,9,,,
3-Sep-98,9,0,2,4,2,11,,,
4-Sep-98,5,0,0,4,0,5,,,
5-Sep-98,0,0,0,2,0,0,,,
6-Sep-98,5,0,1,1,1,6,,,
7-Sep-98,6,2,2,2,4,8,,,
8-Sep-98,12,1,1,3,2,13,,,
9-Sep-98,1,0,0,12,0,1,,,
10-Sep-98,4,0,0,4,0,4,,,
11-Sep-98,3,0,3,5,3,6,,,
12-Sep-98,20,0,1,12,1,21,,,
13-Sep-98,4,0,0,6,0,4,,,
14-Sep-98,2,0,0,5,0,2,,,
15-Sep-98,6,0,0,2,0,6,,,
16-Sep-98,4,0,0,7,0,4,,,
17-Sep-98,7,1,1,9,2,8,,,
18-Sep-98,15,0,0,4,0,15,,,
19-Sep-98,0,0,0,2,0,0,,,
20-Sep-98,0,0,0,1,0,0,,,
21-Sep-98,0,0,0,1,0,0,,,
22-Sep-98,1,0,0,7,0,1,,,
23-Sep-98,5,0,0,2,0,5,,,
24-Sep-98,4,0,1,7,1,5,,,
25-Sep-98,0,0,0,2,0,0,,,
26-Sep-98,44,0,0,16,0,44,,,
27-Sep-98,8,0,0,11,0,8,,,
28-Sep-98,14,0,0,19,0,14,,,
29-Sep-98,7,0,0,15,0,7,,,
30-Sep-98,13,0,0,6,0,13,,,
1-Oct-98,24,0,0,11,0,24,,,
2-Oct-98,27,0,0,8,0,27,,,
3-Oct-98,1,1,0,5,1,1,,,
4-Oct-98,2,0,0,5,0,2,,,
5-Oct-98,2,0,0,7,0,2,,,
6-Oct-98,4,0,0,11,0,4,,,
7-Oct-98,7,0,0,23,0,7,,,
8-Oct-98,2,0,0,15,0,2,,,
9-Oct-98,2,0,0,12,0,2,,,
10-Oct-98,4,0,0,19,0,4,,,
11-Oct-98,27,0,0,34,0,27,,,
12-Oct-98,3,0,0,20,0,3,,,
13-Oct-98,17,0,1,36,1,18,,,
14-Oct-98,2,0,0,21,0,2,,,
15-Oct-98,2,0,0,12,0,2,,,
16-Oct-98,0,0,0,5,0,0,,,
17-Oct-98,16,0,1,5,1,17,,,
18-Oct-98,65,0,0,8,0,65,,,
19-Oct-98,9,0,0,7,0,9,,,
20-Oct-98,2,0,0,5,0,2,,,
21-Oct-98,3,2,0,5,2,3,,,
22-Oct-98,10,1,0,5,1,10,,,
23-Oct-98,14,1,0,15,1,14,,,
24-Oct-98,17,0,1,8,1,18,,,
25-Oct-98,35,1,5,8,6,40,,,
26-Oct-98,11,0,3,22,3,14,,,
27-Oct-98,10,0,0,26,0,10,,,
28-Oct-98,14,0,0,40,0,14,,,
29-Oct-98,8,0,1,30,1,9,,,
30-Oct-98,35,1,0,34,1,35,,,
31-Oct-98,20,2,0,29,2,20,,,
1-Nov-98,51,2,0,22,2,51,,,
2-Nov-98,7,2,1,40,3,8,,,
3-Nov-98,5,1,1,32,2,6,,,
4-Nov-98,9,1,0,19,1,9,,,
5-Nov-98,13,1,1,26,2,14,,,
6-Nov-98,17,2,0,61,2,17,,,
7-Nov-98,8,1,0,21,1,8,,,
8-Nov-98,8,2,0,39,2,8,,,
9-Nov-98,18,2,0,43,2,18,,,
10-Nov-98,19,0,0,43,0,19,,,
11-Nov-98,15,0,0,39,0,15,,,
12-Nov-98,2,3,2,31,5,4,,,
13-Nov-98,3,0,1,34,1,4,,,
14-Nov-98,10,2,0,41,2,10,,,
15-Nov-98,4,1,0,19,1,4,,,
16-Nov-98,5,0,0,30,0,5,,,
17-Nov-98,4,1,0,12,1,4,,,
18-Nov-98,2,1,0,17,1,2,,,
19-Nov-98,4,1,0,14,1,4,,,
20-Nov-98,7,0,0,13,0,7,,,
21-Nov-98,9,0,0,10,0,9,,,
22-Nov-98,4,0,0,10,0,4,,,
23-Nov-98,5,1,0,16,1,5,,,
24-Nov-98,1,0,1,21,1,2,,,
25-Nov-98,64,0,1,22,1,65,,,
26-Nov-98,5,2,1,12,3,6,,,
27-Nov-98,15,1,0,16,1,15,,,
28-Nov-98,5,1,0,10,1,5,,,
29-Nov-98,13,0,0,17,0,13,,,
30-Nov-98,5,0,0,17,0,5,,,
1-Dec-98,9,0,0,10,0,9,,,
2-Dec-98,11,0,0,10,0,11,,,
3-Dec-98,9,0,0,14,0,9,,,
4-Dec-98,46,0,0,22,0,46,,,
5-Dec-98,43,0,0,23,0,43,,,
6-Dec-98,5,0,0,13,0,5,,,
7-Dec-98,2,1,0,29,1,2,,,
8-Dec-98,2,3,0,22,3,2,,,
9-Dec-98,16,0,1,11,1,17,,,
10-Dec-98,4,1,0,20,1,4,,,
11-Dec-98,2,0,0,20,0,2,,,
12-Dec-98,0,0,0,10,0,0,,,
13-Dec-98,6,0,0,25,0,6,,,
14-Dec-98,5,0,2,26,2,7,,,
15-Dec-98,7,0,0,27,0,7,,,
16-Dec-98,3,1,0,27,1,3,,,
17-Dec-98,2,0,0,12,0,2,,,
18-Dec-98,11,0,2,14,2,13,,,
19-Dec-98,3,0,1,11,1,4,,,
20-Dec-98,1,0,0,9,0,1,,,
21-Dec-98,2,0,0,26,0,2,,,
22-Dec-98,1,0,5,8,5,6,,,
23-Dec-98,1,0,0,4,0,1,,,
24-Dec-98,0,0,0,0,0,0,,,
25-Dec-98,2,0,0,2,0,2,,,
26-Dec-98,1,0,0,5,0,1,,,
27-Dec-98,0,0,0,6,0,0,,,
28-Dec-98,9,0,0,6,0,9,,,
29-Dec-98,8,0,2,12,2,10,,,
30-Dec-98,6,0,3,8,3,9,,,
31-Dec-98,1,0,2,0,2,3,,,
1-Jan-99,6,2,1,7,3,7,,,
2-Jan-99,1,0,1,4,1,2,,,
3-Jan-99,5,0,1,12,1,6,,,
4-Jan-99,2,0,0,6,0,2,,,
5-Jan-99,2,0,0,9,0,2,,,
6-Jan-99,9,0,0,6,0,9,,,
7-Jan-99,8,0,0,7,0,8,,,
8-Jan-99,16,0,0,4,0,16,,,
9-Jan-99,5,0,0,6,0,5,,,
10-Jan-99,9,0,0,10,0,9,,,
11-Jan-99,7,1,0,22,1,7,,,
12-Jan-99,4,0,0,9,0,4,,,
13-Jan-99,1,1,0,22,1,1,,,
14-Jan-99,2,1,0,6,1,2,,,
15-Jan-99,2,0,0,16,0,2,,,
16-Jan-99,1,0,0,10,0,1,,,
17-Jan-99,1,0,0,3,0,1,,,
18-Jan-99,4,0,1,7,1,5,,,
19-Jan-99,2,0,0,3,0,2,,,
20-Jan-99,6,1,0,17,1,6,,,
21-Jan-99,2,0,1,10,1,3,,,
22-Jan-99,4,0,1,2,1,5,,,
23-Jan-99,2,0,2,12,2,4,,,
24-Jan-99,1,0,2,10,2,3,,,
25-Jan-99,6,0,1,11,1,7,,,
26-Jan-99,10,0,2,5,2,12,,,
27-Jan-99,18,0,0,20,0,18,,,
28-Jan-99,8,0,1,13,1,9,,,
29-Jan-99,33,0,0,6,0,33,,,
30-Jan-99,27,0,0,14,0,27,,,
31-Jan-99,8,0,0,14,0,8,,,
1-Feb-99,9,0,1,18,1,10,,,
2-Feb-99,5,0,0,5,0,5,,,
3-Feb-99,3,0,0,10,0,3,,,
4-Feb-99,3,0,0,7,0,3,,,
5-Feb-99,2,0,0,24,0,2,,,
6-Feb-99,23,0,0,20,0,23,,,
7-Feb-99,14,0,0,23,0,14,,,
8-Feb-99,27,0,0,13,0,27,,,
9-Feb-99,2,0,0,18,0,2,,,
10-Feb-99,3,0,0,13,0,3,,,
11-Feb-99,5,1,0,6,1,5,,,
12-Feb-99,8,1,0,16,1,8,,,
13-Feb-99,5,1,0,9,1,5,,,
14-Feb-99,8,0,0,13,0,8,,,
15-Feb-99,16,0,0,25,0,16,,,
16-Feb-99,13,0,0,10,0,13,,,
17-Feb-99,8,0,0,23,0,8,,,
18-Feb-99,5,0,0,14,0,5,,,
19-Feb-99,3,0,0,19,0,3,,,
20-Feb-99,9,0,0,26,0,9,,,
21-Feb-99,11,0,0,19,0,11,,,
22-Feb-99,8,0,0,15,0,8,,,
23-Feb-99,2,1,0,16,1,2,,,
24-Feb-99,6,1,0,12,1,6,,,
25-Feb-99,5,0,0,10,0,5,,,
26-Feb-99,5,0,0,0,0,5,,,
27-Feb-99,11,0,0,9,0,11,,,
28-Feb-99,2,0,0,8,0,2,,,
1-Mar-99,1,1,0,13,1,1,,,
2-Mar-99,9,0,1,18,1,10,,,
3-Mar-99,9,1,0,10,1,9,,,
4-Mar-99,2,1,0,16,1,2,,,
5-Mar-99,3,1,0,15,1,3,,,
6-Mar-99,8,0,0,17,0,8,,,
7-Mar-99,14,0,0,19,0,14,,,
8-Mar-99,14,0,0,16,0,14,,,
9-Mar-99,5,2,0,21,2,5,,,
10-Mar-99,4,0,0,5,0,4,,,
11-Mar-99,6,1,0,13,1,6,,,
12-Mar-99,1,0,0,9,0,1,,,
13-Mar-99,5,0,0,14,0,5,,,
14-Mar-99,4,2,0,15,2,4,,,
15-Mar-99,4,0,0,9,0,4,,,
16-Mar-99,4,1,0,25,1,4,,,
17-Mar-99,5,0,0,5,0,5,,,
18-Mar-99,2,1,0,16,1,2,,,
19-Mar-99,8,0,0,7,0,8,,,
20-Mar-99,6,0,0,13,0,6,,,
21-Mar-99,5,0,0,12,0,5,,,
22-Mar-99,2,0,0,15,0,2,,,
23-Mar-99,3,0,0,20,0,3,,,
24-Mar-99,8,2,0,14,2,8,,,
25-Mar-99,0,0,0,28,0,0,,,
26-Mar-99,3,0,0,9,0,3,,,
27-Mar-99,0,0,0,3,0,0,,,
28-Mar-99,4,0,0,15,0,4,,,
29-Mar-99,1,0,0,15,0,1,,,
30-Mar-99,4,0,0,16,0,4,,,
31-Mar-99,1,1,0,17,1,1,,,
1-Apr-99,8,0,0,13,0,8,,,
2-Apr-99,12,0,0,31,0,12,,,
3-Apr-99,14,0,0,35,0,14,,,
4-Apr-99,27,1,0,38,1,27,,,
5-Apr-99,47,1,0,46,1,47,,,
6-Apr-99,23,1,0,26,1,23,,,
7-Apr-99,23,1,0,37,1,23,,,
8-Apr-99,2,0,0,19,0,2,,,
9-Apr-99,7,0,0,7,0,7,,,
10-Apr-99,16,0,0,8,0,16,,,
11-Apr-99,5,1,0,36,1,5,,,
12-Apr-99,3,0,0,23,0,3,,,
13-Apr-99,39,0,0,16,0,39,,,
14-Apr-99,13,0,0,28,0,13,,,
15-Apr-99,7,0,0,36,0,7,,,
16-Apr-99,0,0,0,22,0,0,,,
17-Apr-99,5,0,0,7,0,5,,,
18-Apr-99,15,0,0,8,0,15,,,
19-Apr-99,2,0,0,7,0,2,,,
20-Apr-99,1,0,0,7,0,1,,,
21-Apr-99,7,0,0,10,0,7,,,
22-Apr-99,12,0,0,6,0,12,,,
23-Apr-99,1,1,0,10,1,1,,,
24-Apr-99,13,0,0,10,0,13,,,
25-Apr-99,8,1,0,20,1,8,,,
26-Apr-99,6,1,0,10,1,6,,,
27-Apr-99,8,0,0,13,0,8,,,
28-Apr-99,10,0,0,19,0,10,,,
29-Apr-99,5,0,0,4,0,5,,,
30-Apr-99,1,0,0,12,0,1,,,
1-May-99,4,0,0,2,0,4,,,
2-May-99,10,0,0,8,0,10,,,
3-May-99,1,0,0,6,0,1,,,
4-May-99,5,0,0,10,0,5,,,
5-May-99,0,0,0,4,0,0,,,
6-May-99,5,0,0,10,0,5,,,
7-May-99,21,0,0,14,0,21,,,
8-May-99,7,0,0,21,0,7,,,
9-May-99,18,0,0,11,0,18,,,
10-May-99,29,0,0,42,0,29,,,
11-May-99,7,0,0,9,0,7,,,
12-May-99,12,0,0,35,0,12,,,
13-May-99,9,0,0,14,0,9,,,
14-May-99,8,0,0,11,0,8,,,
15-May-99,7,1,0,16,1,7,,,
16-May-99,12,0,0,25,0,12,,,
17-May-99,12,0,0,20,0,12,,,
18-May-99,8,0,0,21,0,8,,,
19-May-99,9,0,0,21,0,9,,,
20-May-99,4,0,0,24,0,4,,,
21-May-99,9,0,0,18,0,9,,,
22-May-99,209,0,0,34,0,209,,,
23-May-99,26,0,0,23,0,26,,,
24-May-99,7,0,0,15,0,7,,,
25-May-99,16,0,0,10,0,16,,,
26-May-99,10,0,0,19,0,10,,,
27-May-99,28,0,0,25,0,28,,,
28-May-99,5,0,0,11,0,5,,,
29-May-99,6,0,0,15,0,6,,,
30-May-99,1,0,0,16,0,1,,,
31-May-99,12,0,0,23,0,12,,,
1-Jun-99,8,0,0,10,0,8,,,
2-Jun-99,10,0,0,11,0,10,,,
3-Jun-99,3,0,0,7,0,3,,,
4-Jun-99,2,0,0,16,0,2,,,
5-Jun-99,1,5,0,22,5,1,,,
6-Jun-99,1,2,0,15,2,1,,,
7-Jun-99,17,0,0,18,0,17,,,
8-Jun-99,13,0,0,26,0,13,,,
9-Jun-99,1,0,0,21,0,1,,,
10-Jun-99,1,0,0,5,0,1,,,
11-Jun-99,1,2,0,17,2,1,,,
12-Jun-99,1,0,0,21,0,1,,,
13-Jun-99,11,0,0,17,0,11,,,
14-Jun-99,0,0,0,11,0,0,,,
15-Jun-99,0,0,0,19,0,0,,,
16-Jun-99,8,0,0,17,0,8,,,
17-Jun-99,4,0,0,29,0,4,,,
18-Jun-99,5,0,0,6,0,5,,,
19-Jun-99,0,0,0,10,0,0,,,
20-Jun-99,1,0,0,13,0,1,,,
21-Jun-99,0,0,0,8,0,0,,,
22-Jun-99,3,1,0,9,1,3,,,
23-Jun-99,5,1,0,11,1,5,,,
24-Jun-99,1,1,0,9,1,1,,,
25-Jun-99,0,0,0,16,0,0,,,
26-Jun-99,0,0,0,7,0,0,,,
27-Jun-99,4,0,0,5,0,4,,,
28-Jun-99,1,1,0,14,1,1,,,
29-Jun-99,5,0,0,14,0,5,,,
30-Jun-99,4,1,0,22,1,4,,,
1-Jul-99,1,0,0,7,0,1,,,
2-Jul-99,5,6,0,11,6,5,,,
3-Jul-99,8,1,0,20,1,8,,,
4-Jul-99,14,0,0,16,0,14,,,
5-Jul-99,7,0,0,12,0,7,,,
6-Jul-99,6,0,0,20,0,6,,,
7-Jul-99,0,0,0,7,0,0,,,
8-Jul-99,1,0,0,4,0,1,,,
9-Jul-99,0,0,0,13,0,0,,,
10-Jul-99,13,0,0,11,0,13,,,
11-Jul-99,5,0,0,21,0,5,,,
12-Jul-99,3,0,0,8,0,3,,,
13-Jul-99,2,0,0,15,0,2,,,
14-Jul-99,1,0,0,22,0,1,,,
15-Jul-99,6,0,0,7,0,6,,,
16-Jul-99,3,0,0,11,0,3,,,
17-Jul-99,2,0,0,9,0,2,,,
18-Jul-99,3,0,0,9,0,3,,,
19-Jul-99,0,0,0,6,0,0,,,
20-Jul-99,11,1,0,50,1,11,,,
21-Jul-99,2,0,0,10,0,2,,,
22-Jul-99,5,0,0,25,0,5,,,
23-Jul-99,1,0,0,17,0,1,,,
24-Jul-99,6,0,0,13,0,6,,,
25-Jul-99,28,1,0,8,1,28,,,
26-Jul-99,13,0,0,10,0,13,,,
27-Jul-99,26,0,0,5,0,26,,,
28-Jul-99,9,12,1,7,13,10,,,
29-Jul-99,2,0,0,15,0,2,,,
30-Jul-99,2,0,0,12,0,2,,,
31-Jul-99,7,0,0,8,0,7,,,
1-Aug-99,27,0,0,9,0,27,,,
2-Aug-99,8,1,0,6,1,8,,,
3-Aug-99,3,0,0,18,0,3,,,
4-Aug-99,2,0,0,14,0,2,,,
5-Aug-99,0,0,0,9,0,0,,,
6-Aug-99,8,0,0,10,0,8,,,
7-Aug-99,6,0,0,11,0,6,,,
8-Aug-99,8,0,0,6,0,8,,,
9-Aug-99,1,0,0,3,0,1,,,
10-Aug-99,18,0,0,4,0,18,,,
11-Aug-99,5,0,0,10,0,5,,,
12-Aug-99,1,0,0,9,0,1,,,
13-Aug-99,2,2,0,8,2,2,,,
14-Aug-99,3,0,0,9,0,3,,,
15-Aug-99,3,0,0,10,0,3,,,
16-Aug-99,18,0,0,9,0,18,,,
17-Aug-99,0,0,0,7,0,0,,,
18-Aug-99,2,0,0,8,0,2,,,
19-Aug-99,2,0,0,6,0,2,,,
20-Aug-99,73,0,0,18,0,73,,,
21-Aug-99,4,0,0,3,0,4,,,
22-Aug-99,13,0,0,13,0,13,,,
23-Aug-99,1,1,0,6,1,1,,,
24-Aug-99,2,1,0,8,1,2,,,
25-Aug-99,2,2,0,13,2,2,,,
26-Aug-99,5,0,0,4,0,5,,,
27-Aug-99,8,0,0,7,0,8,,,
28-Aug-99,2,0,0,7,0,2,,,
29-Aug-99,1,0,0,4,0,1,,,
30-Aug-99,1,0,0,3,0,1,,,
31-Aug-99,5,1,0,5,1,5,,,
1-Sep-99,3,0,0,10,0,3,,,
2-Sep-99,2,0,0,14,0,2,,,
3-Sep-99,13,0,0,25,0,13,,,
4-Sep-99,5,0,0,35,0,5,,,
5-Sep-99,0,0,0,11,0,0,,,
6-Sep-99,5,0,0,20,0,5,,,
7-Sep-99,1,0,0,8,0,1,,,
8-Sep-99,2,0,0,18,0,2,,,
9-Sep-99,0,0,0,11,0,0,,,
10-Sep-99,3,0,0,13,0,3,,,
11-Sep-99,11,2,0,12,2,11,,,
12-Sep-99,2,0,0,13,0,2,,,
13-Sep-99,3,0,0,16,0,3,,,
14-Sep-99,1,0,0,5,0,1,,,
15-Sep-99,1,0,0,6,0,1,,,
16-Sep-99,1,0,0,3,0,1,,,
17-Sep-99,2,3,0,1,3,2,,,
18-Sep-99,0,0,0,3,0,0,,,
19-Sep-99,2,0,0,4,0,2,,,
20-Sep-99,0,0,0,8,0,0,,,
21-Sep-99,2,1,0,2,1,2,,,
22-Sep-99,2,0,0,5,0,2,,,
23-Sep-99,3,0,0,2,0,3,,,
24-Sep-99,3,0,0,0,0,3,,,
25-Sep-99,1,0,0,0,0,1,,,
26-Sep-99,1,0,0,5,0,1,,,
27-Sep-99,0,0,0,1,0,0,,,
28-Sep-99,1,0,0,5,0,1,,,
29-Sep-99,0,0,0,2,0,0,,,
30-Sep-99,2,0,0,4,0,2,,,
1-Oct-99,0,0,0,7,0,0,,,
2-Oct-99,2,0,0,1,0,2,,,
3-Oct-99,0,0,0,6,0,0,,,
4-Oct-99,2,0,0,5,0,2,,,
5-Oct-99,1,0,0,4,0,1,,,
6-Oct-99,0,0,0,4,0,0,,,
7-Oct-99,0,1,0,12,1,0,,,
8-Oct-99,1,0,0,4,0,1,,,
9-Oct-99,3,0,0,10,0,3,,,
10-Oct-99,3,0,0,4,0,3,,,
11-Oct-99,7,1,0,7,1,7,,,
12-Oct-99,19,1,0,10,1,19,,,
13-Oct-99,11,2,0,29,2,11,,,
14-Oct-99,4,0,0,7,0,4,,,
15-Oct-99,42,0,0,7,0,42,,,
16-Oct-99,13,0,0,17,0,13,,,
17-Oct-99,2,1,0,8,1,2,,,
18-Oct-99,11,0,0,9,0,11,,,
19-Oct-99,3,0,0,12,0,3,,,
20-Oct-99,1,0,0,3,0,1,,,
21-Oct-99,3,0,0,5,0,3,,,
22-Oct-99,10,0,0,12,0,10,,,
23-Oct-99,2,4,0,17,4,2,,,
24-Oct-99,0,1,0,38,1,0,,,
25-Oct-99,7,1,0,12,1,7,,,
26-Oct-99,5,2,0,29,2,5,,,
27-Oct-99,,,,,0,0,,,
28-Oct-99,0,3,0,69,3,0,,,
29-Oct-99,1,0,0,3,0,1,,,
30-Oct-99,4,1,0,13,1,4,,,
31-Oct-99,7,0,0,9,0,7,,,
1-Nov-99,7,1,0,23,1,7,,,
2-Nov-99,0,1,0,61,1,0,,,
3-Nov-99,11,4,6,15,10,17,,,
4-Nov-99,10,3,31,7,34,41,,,
5-Nov-99,1,3,28,3,31,29,,,
6-Nov-99,2,5,38,16,43,40,,,
7-Nov-99,3,6,32,15,38,35,,,
8-Nov-99,3,0,14,4,14,17,,,
9-Nov-99,0,0,1,5,1,1,,,
10-Nov-99,0,3,1,9,4,1,,,
11-Nov-99,1,1,0,8,1,1,,,
12-Nov-99,0,4,0,10,4,0,,,
13-Nov-99,1,10,65,30,75,66,,,
14-Nov-99,0,3,2,5,5,2,,,
15-Nov-99,0,4,6,8,10,6,,,
16-Nov-99,0,6,0,11,6,0,,,
17-Nov-99,1,1,0,6,1,1,,,
18-Nov-99,0,2,0,3,2,0,,,
19-Nov-99,0,0,0,3,0,0,,,
20-Nov-99,0,0,0,6,0,0,,,
21-Nov-99,1,1,0,15,1,1,,,
22-Nov-99,0,1,0,11,1,0,,,
23-Nov-99,0,7,0,13,7,0,,,
24-Nov-99,1,4,16,38,20,17,,,
25-Nov-99,0,1,2,48,3,2,,,
26-Nov-99,1,2,0,22,2,1,,,
27-Nov-99,0,5,0,30,5,0,,,
28-Nov-99,0,2,0,12,2,0,,,
29-Nov-99,0,5,1,18,6,1,,,
30-Nov-99,0,0,4,10,4,4,,,
1-Dec-99,0,0,8,6,8,8,,,
2-Dec-99,20,7,42,52,49,62,,,
3-Dec-99,0,1,4,17,5,4,,,
4-Dec-99,0,3,0,20,3,0,,,
5-Dec-99,0,0,0,11,0,0,,,
6-Dec-99,0,2,0,13,2,0,,,
7-Dec-99,0,0,2,13,2,2,,,
8-Dec-99,0,1,1,17,2,1,,,
9-Dec-99,0,1,0,12,1,0,,,
10-Dec-99,0,1,0,7,1,0,,,
11-Dec-99,0,2,2,33,4,2,,,
12-Dec-99,0,0,1,23,1,1,,,
13-Dec-99,0,1,0,15,1,0,,,
14-Dec-99,0,1,0,12,1,0,,,
15-Dec-99,0,1,1,11,2,1,,,
16-Dec-99,0,5,0,10,5,0,,,
17-Dec-99,0,3,0,20,3,0,,,
18-Dec-99,0,1,0,8,1,0,,,
19-Dec-99,0,2,0,9,2,0,,,
20-Dec-99,0,6,3,22,9,3,,,
21-Dec-99,0,5,1,25,6,1,,,
22-Dec-99,0,13,4,4,17,4,,,
23-Dec-99,0,0,4,4,4,4,,,
24-Dec-99,0,1,18,6,19,18,,,
25-Dec-99,0,0,36,6,36,36,,,
26-Dec-99,0,1,18,4,19,18,,,
27-Dec-99,0,1,15,30,16,15,,,
28-Dec-99,0,0,16,42,16,16,,,
29-Dec-99,0,0,32,31,32,32,,,
30-Dec-99,2,0,1,13,1,3,,,
31-Dec-99,4,1,3,3,4,7,,,
1-Jan-00,0,0,0,5,0,0,,,
2-Jan-00,0,1,0,4,1,0,,,
3-Jan-00,0,1,0,3,1,0,,,
4-Jan-00,0,3,8,20,11,8,,,
5-Jan-00,0,2,8,3,10,8,,,
6-Jan-00,2,0,0,0,0,2,,,
7-Jan-00,0,0,1,1,1,1,,,
8-Jan-00,0,0,0,4,0,0,,,
9-Jan-00,0,1,3,5,4,3,,,
10-Jan-00,0,0,1,4,1,1,,,
11-Jan-00,1,1,2,8,3,3,,,
12-Jan-00,4,0,8,17,8,12,,,
13-Jan-00,0,4,6,41,10,6,,,
14-Jan-00,0,2,3,34,5,3,,,
15-Jan-00,5,3,8,46,11,13,,,
16-Jan-00,0,3,0,13,3,0,,,
17-Jan-00,0,2,7,9,9,7,,,
18-Jan-00,0,3,17,14,20,17,,,
19-Jan-00,5,1,7,40,8,12,,,
20-Jan-00,3,2,20,10,22,23,,,
21-Jan-00,0,3,22,22,25,22,,,
22-Jan-00,4,1,7,26,8,11,,,
23-Jan-00,0,1,2,6,3,2,,,
24-Jan-00,0,0,0,12,0,0,,,
25-Jan-00,0,0,1,4,1,1,,,
26-Jan-00,2,0,1,0,1,3,,,
27-Jan-00,0,0,4,3,4,4,,,
28-Jan-00,0,0,0,29,0,0,,,
29-Jan-00,1,0,1,32,1,2,,,
30-Jan-00,3,2,2,28,4,5,,,
31-Jan-00,0,2,3,48,5,3,,,
1-Feb-00,0,4,9,25,13,9,,,
2-Feb-00,0,13,14,44,27,14,,,
3-Feb-00,0,4,4,45,8,4,,,
4-Feb-00,2,6,12,32,18,14,,,
5-Feb-00,5,12,16,38,28,21,,,
6-Feb-00,1,5,12,29,17,13,,,
7-Feb-00,1,3,1,26,4,2,,,
8-Feb-00,0,0,7,52,7,7,,,
9-Feb-00,6,0,1,30,1,7,,,
10-Feb-00,1,1,2,25,3,3,,,
11-Feb-00,0,0,1,28,1,1,,,
12-Feb-00,0,0,1,47,1,1,,,
13-Feb-00,10,0,0,39,0,10,,,
14-Feb-00,1,0,1,29,1,2,,,
15-Feb-00,0,1,1,28,2,1,,,
16-Feb-00,0,2,1,18,3,1,,,
17-Feb-00,0,4,2,26,6,2,,,
18-Feb-00,1,2,1,17,3,2,,,
19-Feb-00,1,0,0,14,0,1,,,
20-Feb-00,1,0,2,18,2,3,,,
21-Feb-00,0,0,3,28,3,3,,,
22-Feb-00,0,0,0,15,0,0,,,
23-Feb-00,0,0,0,34,0,0,,,
24-Feb-00,5,0,5,53,5,10,,,
25-Feb-00,3,1,2,54,3,5,,,
26-Feb-00,0,0,3,36,3,3,,,
27-Feb-00,3,1,4,54,5,7,,,
28-Feb-00,1,1,4,38,5,5,,,
29-Feb-00,2,0,3,40,3,5,,,
1-Mar-00,0,0,1,24,1,1,,,
2-Mar-00,7,0,1,25,1,8,,,
3-Mar-00,1,4,21,52,25,22,,,
4-Mar-00,0,1,3,39,4,3,,,
5-Mar-00,2,2,1,36,3,3,,,
6-Mar-00,0,6,9,48,15,9,,,
7-Mar-00,13,5,22,82,27,35,,,
8-Mar-00,0,3,41,41,44,41,,,
9-Mar-00,17,6,8,19,14,25,,,
10-Mar-00,1,1,2,4,3,3,,,
11-Mar-00,2,1,6,3,7,8,,,
12-Mar-00,0,1,4,12,5,4,,,
13-Mar-00,1,1,8,20,9,9,,,
14-Mar-00,1,4,9,20,13,10,,,
15-Mar-00,0,2,3,10,5,3,,,
16-Mar-00,1,4,8,7,12,9,,,
17-Mar-00,0,0,6,4,6,6,,,
18-Mar-00,0,1,2,17,3,2,,,
19-Mar-00,0,5,0,37,5,0,,,
20-Mar-00,3,5,7,21,12,10,,,
21-Mar-00,3,2,8,43,10,11,,,
22-Mar-00,10,3,18,23,21,28,,,
23-Mar-00,4,6,6,17,12,10,,,
24-Mar-00,3,6,3,31,9,6,,,
25-Mar-00,5,4,15,18,19,20,,,
26-Mar-00,0,0,3,10,3,3,,,
27-Mar-00,4,0,4,3,4,8,,,
28-Mar-00,1,0,12,8,12,13,,,
29-Mar-00,1,0,33,2,33,34,,,
30-Mar-00,1,0,1,4,1,2,,,
31-Mar-00,2,0,13,11,13,15,,,
1-Apr-00,1,0,1,5,1,2,,,
2-Apr-00,1,0,14,8,14,15,,,
3-Apr-00,2,1,128,7,129,130,,,
4-Apr-00,0,0,172,4,172,172,,,
5-Apr-00,0,0,453,0,453,453,,,
6-Apr-00,0,0,419,0,419,419,,,
7-Apr-00,0,0,194,2,194,194,,,
8-Apr-00,0,0,53,6,53,53,,,
9-Apr-00,,,,,,,,,
10-Apr-00,0,0,22,1,22,22,,,
11-Apr-00,0,0,20,1,20,20,,,
12-Apr-00,0,0,7,0,7,7,,,
13-Apr-00,0,0,3,0,3,3,,,
14-Apr-00,0,0,2,0,2,2,,,
15-Apr-00,0,0,12,2,12,12,,,
16-Apr-00,0,0,4,2,4,4,,,
17-Apr-00,3,0,3,2,3,6,,,
18-Apr-00,0,0,4,2,4,4,,,
19-Apr-00,0,0,7,7,7,7,,,
20-Apr-00,0,0,3,1,3,3,,,
21-Apr-00,0,1,2,2,3,2,,,
22-Apr-00,0,1,5,4,6,5,,,
23-Apr-00,0,2,8,8,10,8,,,
24-Apr-00,0,0,15,21,15,15,,,
25-Apr-00,0,0,6,7,6,6,,,
26-Apr-00,0,0,3,7,3,3,,,
27-Apr-00,0,0,2,29,2,2,,,
28-Apr-00,0,0,9,17,9,9,,,
29-Apr-00,4,0,0,19,0,4,,,
30-Apr-00,1,0,2,11,2,3,,,
1-May-00,5,1,27,32,28,32,,,
2-May-00,0,6,62,61,68,62,,,
3-May-00,0,25,84,80,109,84,,,
4-May-00,0,20,41,33,61,41,,,
5-May-00,0,2,17,15,19,17,,,
6-May-00,0,2,27,35,29,27,,,
7-May-00,0,2,65,87,67,65,,,
8-May-00,0,2,14,72,16,14,,,
9-May-00,1,0,17,66,17,18,,,
10-May-00,0,0,15,66,15,15,,,
11-May-00,0,2,24,110,26,24,,,
12-May-00,1,1,62,195,63,63,,,
13-May-00,0,0,117,242,117,117,,,
14-May-00,0,4,64,204,68,64,,,
15-May-00,1,10,114,178,124,115,,,
16-May-00,0,0,155,163,155,155,,,
17-May-00,3,5,107,156,112,110,,,
18-May-00,1,4,52,147,56,53,,,
19-May-00,1,6,56,266,62,57,,,
20-May-00,0,5,24,216,29,24,,,
21-May-00,1,0,26,200,26,27,,,
22-May-00,1,3,4,181,7,5,,,
23-May-00,0,4,4,188,8,4,,,
24-May-00,0,5,10,123,15,10,,,
25-May-00,0,0,10,155,10,10,,,
26-May-00,0,0,8,134,8,8,,,
27-May-00,2,1,13,92,14,15,,,
28-May-00,0,5,21,112,26,21,,,
29-May-00,1,3,54,96,57,55,,,
30-May-00,0,0,3,44,3,3,,,
31-May-00,0,1,8,23,9,8,,,
1-Jun-00,0,3,4,6,7,4,,,
2-Jun-00,0,2,10,28,12,10,,,
3-Jun-00,1,5,8,47,13,9,,,
4-Jun-00,1,1,35,56,36,36,,,
5-Jun-00,3,0,70,40,70,73,,,
6-Jun-00,0,7,28,33,35,28,,,
7-Jun-00,0,13,19,79,32,19,,,
8-Jun-00,0,8,176,135,184,176,,,
9-Jun-00,0,8,26,141,34,26,,,
10-Jun-00,0,8,9,169,17,9,,,
11-Jun-00,1,0,6,121,6,7,,,
12-Jun-00,0,13,14,93,27,14,,,
13-Jun-00,2,15,24,75,39,26,,,
14-Jun-00,1,12,16,53,28,17,,,
15-Jun-00,0,40,18,95,58,18,,,
16-Jun-00,0,54,2,145,56,2,,,
17-Jun-00,0,39,1,119,40,1,,,
18-Jun-00,0,9,1,82,10,1,,,
19-Jun-00,0,16,0,106,16,0,,,
20-Jun-00,1,17,0,56,17,1,,,
21-Jun-00,0,26,2,70,28,2,,,
22-Jun-00,0,29,1,61,30,1,,,
23-Jun-00,1,39,0,77,39,1,,,
24-Jun-00,0,39,0,102,39,0,,,
25-Jun-00,0,41,1,95,42,1,,,
26-Jun-00,0,34,0,132,34,0,,,
27-Jun-00,0,21,0,84,21,0,,,
28-Jun-00,0,31,0,73,31,0,,,
29-Jun-00,0,40,0,143,40,0,,,
30-Jun-00,1,33,1,157,34,2,,,
1-Jul-00,0,23,0,111,23,0,,,
2-Jul-00,0,34,10,63,44,10,,,
3-Jul-00,0,10,8,30,18,8,,,
4-Jul-00,0,1,8,47,9,8,,,
5-Jul-00,2,19,6,44,25,8,,,
6-Jul-00,1,6,2,55,8,3,,,
7-Jul-00,1,18,1,72,19,2,,,
8-Jul-00,1,32,0,59,32,1,,,
9-Jul-00,1,15,5,42,20,6,,,
10-Jul-00,0,24,16,46,40,16,,,
11-Jul-00,0,21,5,44,26,5,,,
12-Jul-00,1,12,3,30,15,4,,,
13-Jul-00,0,7,1,73,8,1,,,
14-Jul-00,0,1,6,40,7,6,,,
15-Jul-00,2,8,2,98,10,4,,,
16-Jul-00,1,7,3,69,10,4,,,
17-Jul-00,4,2,1,20,3,5,,,
18-Jul-00,0,1,1,47,2,1,,,
19-Jul-00,3,1,0,36,1,3,,,
20-Jul-00,0,3,1,24,4,1,,,
21-Jul-00,0,10,1,45,11,1,,,
22-Jul-00,0,13,3,68,16,3,,,
23-Jul-00,1,9,2,49,11,3,,,
24-Jul-00,4,19,3,48,22,7,,,
25-Jul-00,1,2,4,65,6,5,,,
26-Jul-00,1,0,8,34,8,9,,,
27-Jul-00,0,5,1,30,6,1,,,
28-Jul-00,0,4,3,28,7,3,,,
29-Jul-00,0,1,6,43,7,6,,,
30-Jul-00,4,19,5,48,24,9,,,
31-Jul-00,2,8,5,54,13,7,,,
1-Aug-00,0,11,5,62,16,5,,,
2-Aug-00,0,8,3,57,11,3,,,
3-Aug-00,0,7,3,24,10,3,,,
4-Aug-00,1,2,3,40,5,4,,,
5-Aug-00,0,0,4,54,4,4,,,
6-Aug-00,8,26,2,78,28,10,,,
7-Aug-00,2,20,0,154,20,2,,,
8-Aug-00,2,14,0,125,14,2,,,
9-Aug-00,0,10,6,117,16,6,,,
10-Aug-00,1,7,2,63,9,3,,,
11-Aug-00,1,11,7,67,18,8,,,
12-Aug-00,0,17,5,72,22,5,,,
13-Aug-00,6,29,6,119,35,12,,,
14-Aug-00,18,10,15,70,25,33,,,
15-Aug-00,10,14,11,102,25,21,,,
16-Aug-00,0,64,10,119,74,10,,,
17-Aug-00,0,43,1,102,44,1,,,
18-Aug-00,0,55,0,126,55,0,,,
19-Aug-00,0,56,1,128,,,,,
20-Aug-00,2,13,0,147,,,,,
21-Aug-00,0,20,0,67,,,,,
22-Aug-00,0,12,0,87,,,,,
23-Aug-00,1,29,0,107,,,,,
24-Aug-00,1,27,0,128,,,,,
25-Aug-00,0,36,1,127,,,,,
26-Aug-00,0,17,1,128,,,,,
27-Aug-00,1,28,5,121,,,,,
28-Aug-00,0,35,4,77,,,,,
29-Aug-00,2,18,4,90,,,,,
30-Aug-00,1,10,14,116,,,,,
31-Aug-00,0,8,5,112,,,,,
1-Sep-00,17,11,15,60,,,,,
2-Sep-00,49,15,25,120,,,,,
3-Sep-00,12,28,13,14,,,,,
4-Sep-00,3,42,4,169,,,,,
5-Sep-00,2,26,0,171,,,,,
6-Sep-00,0,43,3,148,,,,,
7-Sep-00,0,21,1,135,,,,,
8-Sep-00,1,16,2,130,,,,,
9-Sep-00,3,22,1,82,,,,,
10-Sep-00,8,3,0,70,,,,,
11-Sep-00,0,3,1,44,,,,,
12-Sep-00,1,2,0,36,,,,,
13-Sep-00,0,5,1,41,,,,,
14-Sep-00,0,7,6,90,,,,,
15-Sep-00,1,14,4,168,,,,,
16-Sep-00,0,16,21,117,,,,,
17-Sep-00,1,13,5,85,,,,,
18-Sep-00,0,26,9,109,,,,,
19-Sep-00,0,17,3,78,,,,,
20-Sep-00,6,23,7,66,,,,,
21-Sep-00,5,23,4,96,,,,,
22-Sep-00,0,18,7,117,,,,,
23-Sep-00,1,17,1,132,,,,,
24-Sep-00,1,20,3,207,,,,,
25-Sep-00,1,38,9,202,,,,,
26-Sep-00,0,35,1,140,,,,,
27-Sep-00,0,19,3,78,,,,,
28-Sep-00,1,8,4,52,,,,,
29-Sep-00,0,10,5,32,,,,,
30-Sep-00,3,6,6,56,,,,,
1-Oct-00,2,12,2,32,,,,,
2-Oct-00,6,13,2,92,,,,,
3-Oct-00,3,9,8,52,,,,,
4-Oct-00,5,5,0,37,,,,,
5-Oct-00,6,11,4,66,,,,,
6-Oct-00,2,16,1,38,,,,,
7-Oct-00,0,5,5,65,,,,,
8-Oct-00,5,10,2,120,,,,,
9-Oct-00,0,9,3,78,,,,,
10-Oct-00,1,18,0,108,,,,,
11-Oct-00,4,21,5,120,,,,,
12-Oct-00,5,72,12,233,,,,,
13-Oct-00,1,57,21,233,,,,,
14-Oct-00,10,33,9,95,,,,,
15-Oct-00,0,24,4,144,,,,,
16-Oct-00,1,56,11,138,,,,,
17-Oct-00,1,38,6,152,,,,,
18-Oct-00,1,37,9,126,,,,,
19-Oct-00,0,30,4,84,,,,,
20-Oct-00,0,12,0,72,,,,,
21-Oct-00,2,12,1,50,,,,,
22-Oct-00,3,11,1,51,,,,,
23-Oct-00,2,13,3,52,,,,,
24-Oct-00,4,3,0,42,,,,,
25-Oct-00,1,13,5,35,,,,,
26-Oct-00,0,1,1,6,,,,,
27-Oct-00,1,3,3,25,,,,,
28-Oct-00,1,8,1,33,,,,,
29-Oct-00,1,9,2,40,,,,,
30-Oct-00,2,1,8,18,,,,,
31-Oct-00,0,2,5,17,,,,,
1-Nov-00,5,10,2,58,,,,,
2-Nov-00,8,4,2,50,,,,,
3-Nov-00,3,7,4,64,,,,,
4-Nov-00,0,3,1,152,,,,,
5-Nov-00,2,0,1,65,,,,,
6-Nov-00,2,3,1,54,,,,,
7-Nov-00,4,4,1,43,,,,,
8-Nov-00,0,4,5,71,,,,,
9-Nov-00,0,9,5,68,,,,,
10-Nov-00,3,5,3,25,,,,,
11-Nov-00,2,6,6,41,,,,,
12-Nov-00,0,10,4,25,,,,,
13-Nov-00,6,19,9,24,,,,,
14-Nov-00,0,28,1,23,,,,,
15-Nov-00,4,24,2,48,,,,,
16-Nov-00,0,85,8,45,,,,,
17-Nov-00,1,23,3,55,,,,,
18-Nov-00,0,40,9,89,,,,,
19-Nov-00,0,21,2,85,,,,,
20-Nov-00,0,24,6,63,,,,,
21-Nov-00,0,28,3,76,,,,,
22-Nov-00,1,24,8,98,,,,,
23-Nov-00,0,40,2,106,,,,,
24-Nov-00,0,22,6,82,,,,,
25-Nov-00,0,11,2,80,,,,,
26-Nov-00,0,17,1,62,,,,,
27-Nov-00,0,17,2,101,,,,,
28-Nov-00,0,22,0,100,,,,,
29-Nov-00,0,17,1,95,,,,,
30-Nov-00,0,37,5,131,,,,,
1-Dec-00,0,15,4,134,,,14,0,
2-Dec-00,1,37,12,116,,,13,0,
3-Dec-00,2,37,14,136,,,25,1,
4-Dec-00,0,14,0,139,,,18,0,
5-Dec-00,0,5,1,42,,,8,0,
6-Dec-00,0,26,1,119,,,12,0,
7-Dec-00,0,17,2,84,,,5,0,
8-Dec-00,0,12,0,104,,,12,0,
9-Dec-00,0,10,0,125,,,4,0,
10-Dec-00,0,10,0,98,,,11,0,
11-Dec-00,0,25,1,111,,,14,0,
12-Dec-00,0,31,1,106,,,21,0,
13-Dec-00,0,8,1,25,,,2,0,